Company,Embedding_Dim0,Embedding_Dim1,Embedding_Dim2,Embedding_Dim3,Embedding_Dim4,Embedding_Dim5,Embedding_Dim6,Embedding_Dim7,Embedding_Dim8
A,0.8334751725196838,-0.8072550296783447,0.6198842525482178,1.0326415300369263,0.5025287866592407,1.0683611631393433,1.4618645906448364,2.622370481491089,0.2928431034088135
AAL,-0.332444429397583,1.5798163414001465,-1.0874247550964355,-2.914494276046753,2.7516982555389404,-1.121777057647705,0.34774595499038696,-1.3098492622375488,-0.4571404457092285
AAP,0.9738892316818237,1.2151074409484863,1.2524460554122925,-1.3428746461868286,2.837703227996826,1.819840669631958,1.3357808589935303,-1.930519938468933,-1.865710735321045
AAPL,1.099788784980774,0.11815349012613297,1.8070613145828247,0.04743960127234459,-0.6684491038322449,-1.700716257095337,0.551889955997467,3.3492374420166016,1.9397761821746826
ABC,1.0959323644638062,-0.8740836381912231,-0.00969674438238144,1.1373485326766968,0.9536546468734741,1.4229774475097656,2.114337205886841,2.056574821472168,-0.2528918385505676
ABMD,0.429187148809433,0.039022039622068405,-0.24898399412631989,0.2970641255378723,0.2226436585187912,0.5866773724555969,1.0128570795059204,1.1730388402938843,0.056225307285785675
ABT,0.3694097101688385,0.07547197490930557,-0.19835244119167328,0.2408122420310974,0.1881112903356552,0.4768260419368744,1.025603175163269,1.1568738222122192,-0.04034026712179184
ACN,1.1707077026367188,0.3403193950653076,1.4263607263565063,-0.4435062110424042,-0.07975159585475922,-1.6767951250076294,-0.5644112229347229,2.272179126739502,-0.2509475350379944
ADBE,4.715418815612793,1.8351118564605713,0.5020898580551147,0.36283257603645325,0.02402636967599392,-1.5744956731796265,-0.8347765803337097,3.497166395187378,-0.8472687005996704
ADI,-0.022171501070261,0.35783547163009644,-0.7725869417190552,-0.0522935651242733,0.9410284757614136,-2.152233123779297,0.45561107993125916,1.3616468906402588,2.355755090713501
ADM,-2.1461658477783203,1.433539628982544,0.506364107131958,-1.6828534603118896,1.1067111492156982,1.4235806465148926,1.612013578414917,-1.159712553024292,2.0216431617736816
ADP,3.1560864448547363,-0.34476014971733093,2.3557729721069336,0.17762140929698944,1.8977025747299194,-1.5904886722564697,-0.20286209881305695,0.2824632525444031,0.6829173564910889
ADS,2.844764471054077,0.4049912095069885,-0.23203997313976288,0.5714154243469238,1.7791885137557983,-2.430473804473877,-0.2995803654193878,1.8969343900680542,-1.1849300861358643
ADSK,3.3166236877441406,2.825634717941284,0.7116361260414124,-0.4001038372516632,1.2449164390563965,-2.4991681575775146,-1.5264121294021606,0.2822416424751282,0.18350379168987274
AEE,-0.8149271011352539,0.5519243478775024,-0.12860792875289917,0.22786812484264374,1.0311583280563354,2.6665797233581543,-0.6785457730293274,1.7311733961105347,-0.602362334728241
AEP,-0.5487532615661621,0.20722784101963043,0.03770719841122627,0.4729742407798767,1.2134588956832886,2.4681921005249023,-0.143618643283844,1.9481481313705444,-0.7810195684432983
AES,-1.5276106595993042,1.6883023977279663,-1.0458301305770874,0.577645480632782,0.8396328091621399,3.989919424057007,-0.043517518788576126,2.5608532428741455,-1.1942058801651
AFL,0.5762255191802979,-1.5912714004516602,0.34950393438339233,-0.29236045479774475,0.40706712007522583,-1.0579192638397217,4.0248799324035645,2.409054756164551,0.8291956186294556
AGI,-0.7605189681053162,1.925628900527954,0.6360631585121155,0.32068735361099243,3.4946370124816895,0.05161843076348305,-1.3561084270477295,-0.4505176544189453,-1.5171067714691162
AIG,0.18599295616149902,0.4971419870853424,1.6969337463378906,-0.6589864492416382,2.367828130722046,-2.8815464973449707,4.199926853179932,-0.09911787509918213,1.4089457988739014
AIZ,0.2792728543281555,0.559886634349823,1.71158766746521,-0.5555689930915833,2.3249011039733887,-2.8511133193969727,4.032663822174072,-0.14984862506389618,1.4740233421325684
AJG,0.22101451456546783,0.3925432860851288,1.9619665145874023,-0.6281790733337402,2.6690833568573,-3.189558982849121,3.609790563583374,-0.36185604333877563,1.9187816381454468
AKAM,2.2400925159454346,-0.25989148020744324,1.6932655572891235,2.569401741027832,3.57230806350708,-1.1273753643035889,-1.9895508289337158,0.9203425049781799,1.9414294958114624
ALB,0.41483360528945923,-1.1867802143096924,-1.5559359788894653,0.0020165867172181606,1.3273406028747559,0.5342761278152466,-0.2412509024143219,0.7505447268486023,0.5564982295036316
ALGN,1.2884092330932617,-0.9487771391868591,-0.5523653030395508,-2.006434440612793,0.18707077205181122,-0.5961165428161621,2.290726900100708,1.3844767808914185,1.0892689228057861
ALK,-0.18247202038764954,1.6391152143478394,-1.1527886390686035,-2.7263026237487793,2.7656397819519043,-1.1908677816390991,0.29807043075561523,-1.3603097200393677,-0.37421756982803345
ALL,0.9775205254554749,0.47840020060539246,0.5926679372787476,0.6044958829879761,1.8558214902877808,-1.8070068359375,2.539677143096924,-0.16258151829242706,0.7274119853973389
ALXN,1.5880217552185059,0.4689192771911621,-1.158023715019226,-0.10629978030920029,-1.0788933038711548,0.09888622909784317,1.9763110876083374,2.3673319816589355,2.1776156425476074
AMAT,-0.18517783284187317,0.5427417159080505,-0.9008790850639343,-0.304914265871048,1.0974557399749756,-2.717219591140747,0.8170010447502136,1.4783369302749634,2.8042280673980713
AMD,0.029243942350149155,0.2588313817977905,-0.7102651596069336,-0.10476136207580566,0.9464747309684753,-2.211108684539795,0.49987271428108215,1.382010817527771,2.335317850112915
AME,-2.3139569759368896,-0.22233973443508148,-3.366992950439453,-1.086883544921875,1.459620714187622,2.878983497619629,1.2464131116867065,0.6380078196525574,-2.022867202758789
AMGN,1.5747061967849731,0.41650500893592834,-1.4608677625656128,0.06773833930492401,-1.0071135759353638,0.2541561424732208,1.7827849388122559,2.4795403480529785,2.220822334289551
AMP,0.7032508850097656,-1.1384644508361816,2.146693468093872,-3.084153890609741,1.760296106338501,1.5737800598144531,0.936859667301178,0.051690723747015,0.3591087758541107
AMX,0.2641332745552063,1.8555471897125244,0.41995367407798767,3.0873160362243652,1.8895705938339233,-0.9985410571098328,-2.0560808181762695,2.7379143238067627,0.08522655069828033
AMZN,-1.2060045003890991,2.1353633403778076,-1.164093017578125,1.7748103141784668,0.867588996887207,-1.0261179208755493,-1.715032696723938,2.293076276779175,-0.18551546335220337
ANSS,3.619117021560669,3.0280985832214355,0.6287782192230225,-0.526841402053833,1.2515299320220947,-2.2658636569976807,-1.344095230102539,0.005391914397478104,0.16893647611141205
ANTM,1.7353624105453491,-1.5258710384368896,-0.5571873784065247,-1.7772016525268555,0.20648713409900665,0.3869054317474365,1.7675600051879883,1.4512193202972412,1.0456299781799316
AOS,2.7571609020233154,0.63029944896698,-1.8908352851867676,0.6172953248023987,1.364080548286438,-1.4395291805267334,-0.3845288157463074,-1.2200762033462524,1.8942776918411255
APD,-1.2234702110290527,2.39231276512146,-5.107447624206543,0.13205546140670776,2.3736376762390137,-0.9991624355316162,-0.5734838843345642,0.2575637996196747,0.4497831165790558
APH,-0.5269328951835632,-0.5485652685165405,0.6234217882156372,-0.165715754032135,0.7295246720314026,-1.6784600019454956,-3.667940855026245,5.108062744140625,0.2946058213710785
ARTNA,-2.717679262161255,1.0459436178207397,0.2828882038593292,-1.3122429847717285,2.182363271713257,3.1049935817718506,1.0984723567962646,-0.36323997378349304,-0.7123798727989197
ASH,0.3074735105037689,-1.32422935962677,-1.780555248260498,-0.16975069046020508,1.5092332363128662,0.7787919640541077,-0.2542063593864441,0.7883379459381104,0.6917333602905273
ATNI,0.9850274920463562,0.3464266061782837,-1.2674392461776733,2.7115986347198486,2.095066785812378,0.30562201142311096,-2.0534110069274902,3.864650011062622,-1.5172908306121826
ATO,-3.0316545963287354,-0.13149689137935638,-2.8267881870269775,1.352280616760254,3.0670716762542725,1.750614881515503,-0.8490149974822998,2.5095114707946777,-1.8921105861663818
ATVI,3.2100181579589844,0.9104077219963074,-0.1339975893497467,-0.2107260823249817,0.08177709579467773,-1.662315011024475,-3.3367860317230225,2.334049940109253,1.4155783653259277
AUY,-0.7609965205192566,2.0458734035491943,0.6707336902618408,0.31790900230407715,3.459794759750366,0.1527760922908783,-1.32606041431427,-0.41739681363105774,-1.5618951320648193
AVGO,-0.05524127930402756,0.34073033928871155,-0.7141760587692261,-0.017377126961946487,0.9474939107894897,-2.139907121658325,0.4746754765510559,1.3735897541046143,2.317692518234253
AVY,0.6453595161437988,0.27535101771354675,-0.6829977631568909,-0.27514293789863586,2.017862558364868,-1.0824896097183228,0.7399892807006836,-0.5903609991073608,-0.21995270252227783
AWK,-2.762880325317383,0.9360223412513733,0.07409770786762238,-1.316374659538269,2.23899507522583,3.169924020767212,1.1011762619018555,-0.380005806684494,-0.6343845129013062
AZO,2.1138758659362793,0.5885254740715027,0.7065907120704651,-0.4791022837162018,2.475764036178589,1.9141021966934204,1.3259702920913696,-1.7826030254364014,-1.707598328590393
BA,-0.3212512135505676,2.3873095512390137,-0.7622837424278259,-0.6397080421447754,2.4945411682128906,-1.170911192893982,0.33759498596191406,-1.8366270065307617,0.7239583730697632
BAX,0.43854302167892456,0.06189564988017082,-0.26093393564224243,0.24738866090774536,0.14751380681991577,0.7153270840644836,1.108920693397522,1.387514352798462,-0.09278552234172821
BBL,-0.512529194355011,1.9758912324905396,-1.8626757860183716,0.7099211812019348,3.5551273822784424,-0.34500327706336975,-1.1746915578842163,-0.21847541630268097,-2.115156650543213
BCPC,0.2367781698703766,-0.9442501068115234,-1.346360206604004,-0.0842888280749321,1.1532753705978394,0.5467137694358826,-0.1840321123600006,0.6022161841392517,0.6153022646903992
BDX,0.4444299042224884,0.1095317155122757,-0.18920578062534332,0.20757897198200226,0.1276315450668335,0.5714183449745178,1.1773643493652344,1.2463053464889526,-0.04345095530152321
BEN,0.6595613360404968,-1.1325573921203613,2.2253224849700928,-3.10253643989563,1.840478539466858,1.5980032682418823,0.9712700843811035,0.007733539678156376,0.39151784777641296
BF.B,0.02729947119951248,-0.38765183091163635,-2.9513580799102783,1.6401855945587158,2.5758657455444336,2.715874433517456,-0.8985457420349121,-0.8187358975410461,2.232149600982666
BG,-1.5711489915847778,2.1460704803466797,0.18136551976203918,-1.9335286617279053,0.6166876554489136,1.2040857076644897,1.751810073852539,-1.532904863357544,2.8967854976654053
BGS,-0.9455621242523193,0.6961668133735657,0.45825543999671936,-0.5426927804946899,1.3467090129852295,2.531299591064453,0.41634711623191833,-0.9985412359237671,0.8485632538795471
BIDU,2.91857647895813,0.21229605376720428,-1.8299833536148071,0.08888942003250122,-0.5877582430839539,-0.2862218916416168,-3.2216439247131348,4.438559532165527,1.2014439105987549
BIIB,1.4764882326126099,0.38727429509162903,-1.3523558378219604,0.012000949122011662,-0.9800231456756592,0.19831474125385284,1.8305808305740356,2.3253962993621826,2.1236155033111572
BIP,-0.7570241689682007,0.5745269060134888,-0.024367805570364,0.25650960206985474,0.965820848941803,2.6014976501464844,-0.6661006808280945,1.6806608438491821,-0.5387481451034546
BKNG,-2.2241196632385254,1.8807421922683716,-2.3078579902648926,-2.2149553298950195,1.8747187852859497,0.9901925921440125,-1.856856107711792,-0.9694806933403015,0.20241039991378784
BLK,0.547042965888977,-1.201741099357605,2.0719008445739746,-3.1271421909332275,1.931084156036377,1.8407167196273804,0.9001138806343079,-0.07159629464149475,0.3404209613800049
BLL,1.7193410396575928,1.1441155672073364,-1.665137529373169,0.4187059700489044,1.0058494806289673,-0.223911315202713,1.263008713722229,0.451837956905365,-1.0194586515426636
BMY,1.6450263261795044,0.4298405647277832,-1.4097051620483398,-0.20961160957813263,-1.0760746002197266,0.07562645524740219,2.062654972076416,2.4258816242218018,2.0370404720306396
BP,0.7167746424674988,-2.101854085922241,-4.039686679840088,0.37571945786476135,2.068362236022949,0.2674929201602936,0.5076737403869629,1.1839227676391602,0.8045781850814819
BR,1.9123114347457886,0.22019317746162415,2.009599447250366,-1.9722607135772705,0.015470709651708603,-1.3241087198257446,2.8249361515045166,0.40141597390174866,0.9949149489402771
BRK.B,-0.7816632390022278,0.02638242579996586,4.389645099639893,-5.364481449127197,2.1575522422790527,-1.712119698524475,3.6318273544311523,1.5214805603027344,0.41140368580818176
BSX,0.528174102306366,-0.0017652753740549088,-0.17770090699195862,0.2125171273946762,0.22161448001861572,0.4961736798286438,1.112412691116333,1.1660643815994263,-0.020200584083795547
BTI,2.051625967025757,0.8693442940711975,-1.6445891857147217,1.8000797033309937,-0.04059695079922676,4.696904182434082,0.36510223150253296,1.7108128070831299,1.8380610942840576
BWA,4.1743083000183105,2.3982484340667725,2.9894585609436035,-1.6894783973693848,3.4949352741241455,6.3399553298950195,3.1251039505004883,-1.160863995552063,-4.628268718719482
CAG,-0.9730198979377747,0.6770108938217163,0.5156458020210266,-0.680720329284668,1.2490754127502441,2.2502217292785645,0.4793623685836792,-0.9581955075263977,0.796147346496582
CAH,1.0884541273117065,-0.9207733273506165,0.1237315833568573,1.1064026355743408,0.969247579574585,1.3225868940353394,2.1863315105438232,2.0331029891967773,-0.3050837218761444
CASY,0.35796287655830383,1.014707326889038,0.21482981741428375,0.6745087504386902,0.5765649080276489,4.631734848022461,-0.5654296278953552,-0.2083950936794281,2.4826557636260986
CAT,3.232647180557251,0.22553163766860962,-1.1050411462783813,0.19025887548923492,1.7347785234451294,-0.9354245662689209,-1.1138958930969238,-1.599713921546936,1.619284987449646
CB,0.9664425849914551,0.49267709255218506,0.6174489855766296,0.6216911673545837,1.8308736085891724,-1.7980148792266846,2.4154975414276123,-0.2902912199497223,0.8189241290092468
CCK,1.5686404705047607,1.1086097955703735,-1.5425984859466553,0.4935442805290222,0.9939178228378296,-0.16410839557647705,1.2563599348068237,0.38045141100883484,-0.9999389052391052
CCL,-0.7625226974487305,0.8332043290138245,-3.0692973136901855,-2.4581432342529297,3.036208391189575,-0.43280258774757385,-2.947309732437134,-0.4073786735534668,0.10510241240262985
CCOI,0.7825201153755188,-0.005282896105200052,0.03866200149059296,2.7708888053894043,3.6012823581695557,-1.4714343547821045,-2.2562167644500732,3.355531930923462,-1.0730944871902466
CDNS,2.4010884761810303,0.32723677158355713,0.6288791298866272,0.03364717587828636,0.9462601542472839,-3.365899085998535,-0.07310831546783447,1.997132420539856,2.245478391647339
CE,0.2852676212787628,-1.2232160568237305,-1.7072769403457642,-0.09672346711158752,1.406372308731079,0.6975826025009155,-0.2665008306503296,0.7673789262771606,0.6053478717803955
CENT,-0.3922058641910553,1.7449222803115845,-1.3843605518341064,1.3874701261520386,1.640890121459961,-0.4066556692123413,2.286743402481079,-2.004741668701172,3.2718472480773926
CERN,0.9760336875915527,1.6714205741882324,1.351422667503357,0.28964558243751526,-1.1032909154891968,0.928834855556488,4.806084632873535,3.3115015029907227,0.869431734085083
CF,-2.6122257709503174,1.456957221031189,0.5887839198112488,-2.2066783905029297,1.5040614604949951,1.8961002826690674,1.7611948251724243,-1.245792031288147,2.2157318592071533
CHD,0.9021223783493042,0.9457626342773438,-1.4154973030090332,2.229872465133667,1.5230181217193604,-0.6902515292167664,1.5587328672409058,-0.3243062198162079,1.8313356637954712
CHRW,0.3793545961380005,1.8241688013076782,-1.724684476852417,-2.585207223892212,1.8082445859909058,-1.3922027349472046,2.176020383834839,-1.486336350440979,0.5243503451347351
CI,1.4530137777328491,-0.317149817943573,-0.9992267489433289,0.3168674111366272,0.43485650420188904,-0.24314644932746887,2.473217010498047,1.9080629348754883,-0.1281479448080063
CINF,1.132222294807434,0.4503211975097656,0.8468946218490601,0.5745123624801636,1.9008214473724365,-1.9390389919281006,2.4570820331573486,-0.24386371672153473,0.7174005508422852
CL,1.1141393184661865,0.41605767607688904,-1.5807454586029053,3.0653176307678223,1.1948463916778564,-0.06548458337783813,1.2813280820846558,0.835908830165863,2.5885932445526123
CLNE,-0.25628662109375,0.5358403921127319,-1.7597792148590088,-1.5826828479766846,2.709268569946289,-0.16492031514644623,2.4958083629608154,-0.5065732598304749,-2.106818675994873
CLPHY,-0.5086145997047424,0.20753273367881775,0.02402273379266262,0.4839463531970978,1.1616132259368896,2.435103178024292,-0.28440675139427185,2.0791614055633545,-0.7765706777572632
CLX,0.9418056011199951,0.8157463073730469,-1.3819994926452637,2.1077721118927,1.4971529245376587,-0.6638835668563843,1.7298787832260132,-0.25292104482650757,1.791799783706665
CMC,-0.2173832654953003,1.3082168102264404,-1.4317089319229126,0.6629773378372192,3.1917765140533447,-0.06829264760017395,-1.0737167596817017,-0.06905096769332886,-2.0072505474090576
CMCL,-0.6960685849189758,1.9492255449295044,0.48078301548957825,0.3284662365913391,3.5679454803466797,0.06141892448067665,-1.3828208446502686,-0.465971440076828,-1.6018799543380737
CMCSA,0.5796683430671692,1.1252100467681885,0.7251712679862976,1.374124526977539,2.4054040908813477,-0.6540218591690063,-4.845483779907227,1.6207772493362427,1.8523427248001099
CME,-0.7104790210723877,0.9306355118751526,1.6899785995483398,-1.3453627824783325,1.1444703340530396,-1.3502362966537476,1.4882313013076782,0.10289544612169266,1.154443383216858
CMG,-1.224394679069519,1.7860398292541504,-0.08326198905706406,-1.4767435789108276,1.7548421621322632,2.1995410919189453,-0.30471324920654297,-1.6799603700637817,0.5649097561836243
CMI,3.231456995010376,0.14200444519519806,-1.115046501159668,0.1834253966808319,1.514802098274231,-0.7407510876655579,-1.0859577655792236,-1.5386987924575806,1.6829034090042114
CMS,-0.5987599492073059,0.5149720311164856,-0.007204499561339617,0.35177597403526306,1.0462092161178589,2.664569139480591,-0.7929949164390564,1.8162897825241089,-0.5588904619216919
CNC,1.6165220737457275,-1.6339582204818726,-0.5050731897354126,-1.8604516983032227,0.3565647006034851,-0.017024649307131767,1.886840581893921,1.390596628189087,1.2415904998779297
CNK,-0.9648655652999878,3.2581698894500732,-0.13973720371723175,-0.44594240188598633,1.209828495979309,-0.16410517692565918,-4.127011299133301,1.2908350229263306,1.2528105974197388
CNP,-0.5966481566429138,0.5324899554252625,-0.04023048281669617,0.2618703842163086,0.9778897166252136,2.7145156860351562,-0.7416660189628601,1.7292652130126953,-0.4508471190929413
CNX,-0.7526198625564575,-0.17565986514091492,-2.740612745285034,0.23581314086914062,2.18347430229187,-0.616972029209137,1.0998388528823853,0.6019085645675659,0.036442629992961884
COG,-0.6864960789680481,-0.08253352344036102,-2.7802889347076416,0.19831636548042297,2.124478578567505,-0.6789344549179077,1.1574937105178833,0.6103823184967041,-0.005253417417407036
COO,1.2516952753067017,-0.927460253238678,-0.4734848737716675,-1.881395697593689,0.24944835901260376,-0.6290166974067688,2.143620491027832,1.2471643686294556,1.057748556137085
COP,-0.7794923186302185,-0.10839016735553741,-2.747436761856079,0.24861501157283783,2.2083969116210938,-0.6263364553451538,1.2077628374099731,0.7062258720397949,-0.019237520173192024
COST,-2.8387503623962402,1.7787449359893799,-0.08428601920604706,1.241999864578247,1.8682650327682495,2.488321542739868,-0.7804287075996399,0.07178366929292679,2.3177638053894043
CPB,-0.9556822776794434,0.6532183885574341,0.4439118206501007,-0.4911608397960663,1.2096819877624512,2.224233627319336,0.4503284990787506,-0.8809812664985657,0.8850876688957214
CPE,-0.6017247438430786,-0.12211071699857712,-2.7772409915924072,0.14738312363624573,2.219669818878174,-0.633396327495575,1.1421369314193726,0.650953471660614,-0.0776519849896431
CPRT,-0.020749496296048164,2.4933228492736816,-1.857505202293396,1.1959412097930908,1.7652437686920166,0.017297111451625824,0.6085982918739319,-1.1679561138153076,0.12983135879039764
CPYYY,-0.7457339763641357,0.5528188347816467,-0.10463279485702515,0.28574541211128235,1.0907396078109741,2.6659114360809326,-0.6773515343666077,1.7994539737701416,-0.5428155064582825
CRM,4.352183818817139,0.11001208424568176,-0.1883641928434372,1.2628567218780518,0.920881986618042,-2.122757911682129,-1.1137176752090454,2.999695062637329,0.47337234020233154
CSCO,0.22545702755451202,-0.7704516053199768,1.4625204801559448,-0.32828718423843384,0.9166173934936523,-1.1525745391845703,-3.3502461910247803,4.057613372802734,0.19850318133831024
CSX,0.8858728408813477,0.6830894351005554,-0.5422223806381226,-2.469794988632202,3.136043071746826,0.15427030622959137,0.2987351715564728,-1.3296935558319092,-1.935662865638733
CTAS,-0.048752445727586746,2.471830368041992,-1.7790669202804565,1.1487860679626465,1.782667875289917,0.011901946738362312,0.5232563018798828,-1.2208455801010132,0.22353658080101013
CTL,0.9122743606567383,0.9660637378692627,1.3433891534805298,3.0007920265197754,2.7017555236816406,-0.8454820513725281,-2.636141300201416,3.5325756072998047,-0.9193332195281982
CTSH,1.052982211112976,-0.46826353669166565,1.7021032571792603,-0.1756247580051422,-0.16356651484966278,-1.367531418800354,0.28349220752716064,2.6603267192840576,0.26600760221481323
CTXS,3.567519187927246,0.6888443827629089,0.7035955786705017,1.9717966318130493,1.4010065793991089,-2.0838119983673096,-1.075209379196167,2.3338351249694824,0.7287017107009888
CVS,1.3782334327697754,-0.29175588488578796,-0.6611138582229614,0.23496748507022858,0.39131924510002136,-0.10179001837968826,2.4944868087768555,2.038501024246216,-0.26176154613494873
CVX,-0.4222800135612488,-0.8952679634094238,-3.3969919681549072,0.2658197581768036,2.252676486968994,-0.265410840511322,1.0768084526062012,1.0119802951812744,0.13147222995758057
CWCO,-2.6848645210266113,1.1074527502059937,0.33134952187538147,-1.2785296440124512,2.17893123626709,3.0962717533111572,1.174541711807251,-0.444167822599411,-0.6728696227073669
CXO,-0.7362536191940308,-0.13409356772899628,-2.7639589309692383,0.18825486302375793,2.1276698112487793,-0.485568642616272,1.0742127895355225,0.661749005317688,-0.09984536468982697
DAL,-0.30670270323753357,1.6018316745758057,-1.1320785284042358,-2.9136478900909424,2.83919358253479,-1.163877248764038,0.35174891352653503,-1.412069320678711,-0.3862743079662323
DAR,-1.8525068759918213,1.8209350109100342,0.0764315202832222,-1.2321358919143677,1.3816527128219604,1.0326260328292847,1.7101072072982788,-1.8313549757003784,2.7809815406799316
DE,-3.056481122970581,1.2634549140930176,0.821183443069458,-2.0843253135681152,1.3118443489074707,2.678720712661743,4.071716785430908,-0.9974334836006165,2.0280258655548096
DEO,0.11669901013374329,-0.6379697918891907,-3.0109119415283203,1.9427616596221924,3.0218582153320312,2.133525848388672,-1.1897728443145752,-0.39197400212287903,1.6900534629821777
DGICA,1.140067219734192,0.43019863963127136,0.5750895142555237,0.5369896292686462,1.8170124292373657,-1.9146740436553955,2.474564552307129,-0.2537441551685333,0.8041780591011047
DGX,1.4522534608840942,-0.3240405023097992,-1.0960179567337036,0.3414209485054016,0.42861053347587585,-0.05359183996915817,2.4331812858581543,1.9182348251342773,-0.13028906285762787
DHI,3.079981803894043,0.647657573223114,-0.932374894618988,0.22782498598098755,1.1749670505523682,-1.407827377319336,-0.04921337589621544,-1.2669049501419067,1.877421498298645
DHR,0.4391374886035919,0.06870046257972717,-0.30311402678489685,0.17862901091575623,0.2075885683298111,0.6149949431419373,0.9641768336296082,1.1329609155654907,-0.018134433776140213
DIS,0.13132396340370178,2.6535580158233643,0.48847174644470215,0.14692629873752594,0.4330456852912903,0.4102684259414673,-4.127353668212891,2.1110594272613525,1.780989170074463
DISCA,0.095429927110672,2.0453665256500244,-0.4345090091228485,0.5734378695487976,0.7140530347824097,1.315840244293213,-4.494550704956055,2.8027732372283936,0.7083228230476379
DISH,-0.10912320017814636,0.23146142065525055,-0.6734529733657837,1.2375340461730957,2.336143732070923,-0.013746475800871849,-4.59990119934082,2.3822455406188965,1.8397361040115356
DLTR,-0.9208924770355225,2.109917402267456,0.6294100880622864,1.1350888013839722,1.9612951278686523,3.4435086250305176,-0.4610854387283325,-0.8457636833190918,1.230276346206665
DOV,-0.08585700392723083,-0.21521621942520142,-0.4656068980693817,-0.11734773218631744,1.0038658380508423,0.29107213020324707,0.0043751513585448265,-0.08069217205047607,0.5072306990623474
DPZ,-1.1687859296798706,1.738412857055664,-0.14746391773223877,-1.3739348649978638,1.8415157794952393,2.2031643390655518,-0.4148727357387543,-1.7019644975662231,0.4874255657196045
DRI,-1.0969746112823486,1.7909486293792725,-0.09989975392818451,-1.3986810445785522,1.8554707765579224,2.330454111099243,-0.5600501298904419,-1.815772294998169,0.5883801579475403
DTE,-0.733978271484375,0.5916446447372437,0.030868135392665863,0.18566416203975677,1.0170421600341797,2.692089319229126,-0.661767303943634,1.6975417137145996,-0.6360329389572144
DUK,-0.6336281895637512,0.23890461027622223,-0.062361374497413635,0.4729730188846588,1.0881850719451904,2.5478358268737793,-0.1484549343585968,2.07289981842041,-0.7300153970718384
DVA,1.3056106567382812,-0.23215524852275848,-0.7185115814208984,0.18991577625274658,0.3328612446784973,-0.18815205991268158,2.3587939739227295,1.771862268447876,-0.08491931110620499
DVN,-0.6776093244552612,-0.09522639214992523,-2.711826801300049,0.16885092854499817,2.0578176975250244,-0.4969821572303772,1.0591893196105957,0.5165517330169678,-0.0602525919675827
DXCM,0.4028889834880829,0.04649890959262848,-0.26602911949157715,0.17423386871814728,0.17032188177108765,0.6574476957321167,1.0828454494476318,1.2997008562088013,-0.1335790753364563
EA,2.324477195739746,1.2260991334915161,-1.2646490335464478,0.038662057369947433,-0.45135030150413513,-0.9955028295516968,-3.3741824626922607,3.323755979537964,1.6789439916610718
EBAY,1.1303327083587646,1.4168528318405151,-2.066026449203491,-1.8508284091949463,1.3861562013626099,-1.8200284242630005,-0.3281997740268707,2.2731411457061768,-2.441908121109009
ECL,0.4118696451187134,-1.21988046169281,-1.612768292427063,-0.040954478085041046,1.3429131507873535,0.6408462524414062,-0.26246026158332825,0.7587777972221375,0.703609824180603
ED,-0.7025200128555298,0.5125325918197632,-0.05567021295428276,0.3465481102466583,1.0230010747909546,2.739100933074951,-0.7279454469680786,1.8291293382644653,-0.6086124777793884
EFX,2.0495564937591553,2.387150287628174,-0.2951449453830719,-2.9121360778808594,1.3183883428573608,1.2378454208374023,-1.2772486209869385,-1.3293355703353882,0.064574234187603
EIG,1.0163512229919434,0.47163429856300354,0.6516552567481995,0.6049171686172485,1.7879198789596558,-1.810616374015808,2.412257194519043,-0.24512256681919098,0.6643254160881042
EIX,-0.5900399684906006,0.20294195413589478,-0.013397359289228916,0.5064412355422974,1.1285719871520996,2.565157175064087,-0.12995469570159912,2.035369396209717,-0.785556435585022
EL,0.9267584085464478,0.04676350578665733,0.05896227806806564,2.083709716796875,0.10993969440460205,2.188093900680542,1.1686158180236816,1.3929883241653442,3.905470848083496
ELP,-0.46946296095848083,0.25110265612602234,0.07029952108860016,0.48514237999916077,1.1207916736602783,2.540222644805908,-0.21829673647880554,2.02268123626709,-0.6814550161361694
EMN,-0.34276169538497925,-1.7144603729248047,-0.6228076219558716,1.299126386642456,3.463489055633545,-0.40989747643470764,2.3044967651367188,1.492218255996704,0.1623317450284958
EMR,-2.1902027130126953,-0.2638489305973053,-3.3036272525787354,-1.0919989347457886,1.39561128616333,2.9584689140319824,1.2563146352767944,0.7669506669044495,-2.043550968170166
ENIA,-0.60550457239151,0.18397152423858643,-0.02148675173521042,0.4358324110507965,1.103724479675293,2.5642638206481934,-0.18009324371814728,2.111126184463501,-0.7370162010192871
EOG,-0.7427501082420349,-0.06430824846029282,-2.7753045558929443,0.1973489373922348,2.1439859867095947,-0.5908859968185425,1.1325699090957642,0.5782550573348999,-0.08018741756677628
EONGY,-0.755200982093811,0.47924068570137024,-0.1582469493150711,0.313594251871109,0.9984449744224548,2.652902603149414,-0.6967512369155884,1.6948333978652954,-0.5447999835014343
EPD,-0.28043949604034424,0.8018895387649536,-3.324289321899414,-0.6258705258369446,1.4492236375808716,-0.9229173064231873,2.5633387565612793,8.122698636725545e-05,0.4006841480731964
EQT,-0.7956947684288025,-0.08393151313066483,-2.674846887588501,0.20170806348323822,2.1183722019195557,-0.5789857506752014,1.1289547681808472,0.6584877371788025,-0.018595494329929352
ERF,-0.6237202286720276,-0.09677666425704956,-2.731426239013672,0.13940654695034027,2.1502790451049805,-0.5733070373535156,1.160910964012146,0.607926607131958,-0.04737278074026108
ES,-0.5614823698997498,0.23294174671173096,0.011657742783427238,0.46005475521087646,1.1783215999603271,2.550731897354126,-0.24111641943454742,2.025109052658081,-0.7518625855445862
ETR,-0.5442421436309814,0.2117198258638382,-0.01428780797868967,0.4946625828742981,1.1220158338546753,2.5148444175720215,-0.192813441157341,2.00897216796875,-0.7509979009628296
EW,0.5395531058311462,-0.03856600075960159,-0.3266739845275879,0.24782568216323853,0.2063496708869934,0.5493587255477905,1.2279256582260132,1.2530232667922974,-0.015483437106013298
EXC,-0.5394062995910645,0.2584865391254425,-0.07359354197978973,0.4668608605861664,1.0744680166244507,2.497716188430786,-0.285053551197052,2.040884494781494,-0.6789352893829346
EXPD,0.30529874563217163,1.8211123943328857,-1.7215303182601929,-2.5131168365478516,1.749470829963684,-1.3169759511947632,2.023115396499634,-1.4365472793579102,0.4735397398471832
EXPE,0.11023104190826416,0.25145551562309265,-2.7821834087371826,-2.37296462059021,1.7685109376907349,-1.5110337734222412,-1.705884337425232,0.5276528596878052,-0.49532440304756165
F,0.29164156317710876,2.285883665084839,1.533919095993042,-0.9239783883094788,3.680999279022217,2.50177001953125,2.88678240776062,-2.9784281253814697,-2.1216423511505127
FAST,0.4814402163028717,0.640816330909729,0.4128851890563965,0.005588592030107975,1.9953691959381104,1.4922950267791748,-1.7997851371765137,-0.7018237113952637,0.49115633964538574
FCX,-0.5915519595146179,1.332389235496521,-1.5510826110839844,0.5713634490966797,3.78391695022583,-0.0048407381400465965,-1.3031271696090698,-0.19662006199359894,-2.159714460372925
FDP,-2.0706775188446045,1.2515084743499756,0.3789941072463989,-2.029968738555908,0.8776018023490906,1.2840887308120728,2.0659165382385254,-0.9269728660583496,2.092245578765869
FDS,-0.8157660961151123,0.959816575050354,1.8277243375778198,-1.4691976308822632,1.2689061164855957,-1.5325188636779785,1.55402672290802,0.13737434148788452,1.2529197931289673
FDX,0.35444176197052,1.8401498794555664,-1.7336547374725342,-2.6819729804992676,1.8460344076156616,-1.3863639831542969,2.17240834236145,-1.54878568649292,0.5060557126998901
FE,-0.5639013051986694,0.2558682858943939,-0.09772979468107224,0.5387547612190247,1.1138354539871216,2.491921901702881,-0.1773226261138916,2.0386133193969727,-0.6715877056121826
FFIV,2.2026259899139404,0.24281252920627594,2.594147205352783,1.442457914352417,1.894594430923462,-0.5123462677001953,-1.823342204093933,2.080244541168213,1.3303942680358887
FIS,1.8079010248184204,0.11477942764759064,2.1455910205841064,-1.9428263902664185,0.06430016458034515,-1.314760446548462,2.977513313293457,0.45707884430885315,0.9031590819358826
FISV,1.9855997562408447,0.15041279792785645,2.0312249660491943,-2.0360026359558105,0.0907549038529396,-1.2591254711151123,2.8398597240448,0.2585583031177521,1.0161032676696777
FIZZ,-1.0022822618484497,0.7832385897636414,0.49152812361717224,-0.8366379737854004,1.4947792291641235,2.7612767219543457,0.36976590752601624,-1.156272292137146,0.8236533999443054
FLIR,-0.27846309542655945,0.29946133494377136,-1.5846030712127686,-1.1021885871887207,0.9248248338699341,-3.096205711364746,1.24349045753479,2.4510936737060547,3.5401408672332764
FLO,-0.9608263373374939,0.704660952091217,0.6010241508483887,-0.6874988079071045,1.2158567905426025,2.3275279998779297,0.44036731123924255,-0.9053360223770142,0.8687741160392761
FLS,-0.009227223694324493,-0.24449940025806427,-0.4046916961669922,-0.16613683104515076,0.8894338607788086,0.3671627342700958,0.07506781816482544,0.008936910890042782,0.44215843081474304
FMC,-2.5653891563415527,1.4349360466003418,0.5834425091743469,-2.1582119464874268,1.3196353912353516,1.6796565055847168,1.7821626663208008,-1.1134862899780273,2.2418131828308105
FNF,1.0590611696243286,0.5345202088356018,0.6370156407356262,0.6685687303543091,1.7754298448562622,-1.8671882152557373,2.4120163917541504,-0.29465532302856445,0.7320321202278137
FSI,0.4747900366783142,-1.169191598892212,-1.5525131225585938,-0.08008158951997757,1.3282809257507324,0.6647812724113464,-0.33007824420928955,0.6660886406898499,0.6571820974349976
FSM,-1.0161224603652954,2.506685256958008,0.7299156188964844,0.21982116997241974,4.052947998046875,0.025099869817495346,-1.5379594564437866,-0.510732889175415,-1.8644596338272095
GASS,1.1350383758544922,1.449364185333252,-2.00923752784729,-1.6885792016983032,1.3896619081497192,-0.2978079319000244,3.4233341217041016,-0.9340987801551819,-1.1653032302856445
GD,-0.3245874345302582,2.337947368621826,-0.7755285501480103,-0.6570156812667847,2.5094125270843506,-1.2097046375274658,0.26656031608581543,-1.7899949550628662,0.6754945516586304
GE,0.7531275749206543,1.4465800523757935,0.6009002923965454,1.11251699924469,1.5618724822998047,0.4780951738357544,0.04974907264113426,-0.9741109609603882,0.39979201555252075
GILD,1.5090821981430054,0.41747573018074036,-1.4495179653167725,-0.004556492902338505,-1.0102124214172363,0.19016937911510468,1.9436167478561401,2.44270920753479,2.1070055961608887
GIS,-0.9146588444709778,0.70435631275177,0.5168740749359131,-0.6507229804992676,1.2537842988967896,2.3695199489593506,0.4151255488395691,-0.9651023149490356,0.8783931732177734
GL,0.41559264063835144,-1.6906893253326416,-0.028680311515927315,-0.24625800549983978,0.37909942865371704,-1.0832550525665283,3.8680903911590576,2.6315484046936035,0.8460404276847839
GLP,0.8108460903167725,0.9775300621986389,-2.1924986839294434,-1.222079873085022,1.8249157667160034,-0.45981428027153015,3.110259532928467,-0.793998122215271,-1.2967544794082642
GLUU,2.0900466442108154,-0.4702940881252289,-1.5944030284881592,-0.2958371341228485,0.12840205430984497,-0.8083072900772095,-3.388963460922241,3.637157917022705,2.7560622692108154
GLW,-0.22141249477863312,0.07717262953519821,-0.9590123891830444,-0.17903007566928864,0.9199344515800476,-3.068565845489502,-0.3650017976760864,3.5007455348968506,2.00947642326355
GOOGL,2.683338165283203,-0.3853490650653839,0.24046280980110168,0.8065734505653381,-0.19061996042728424,-1.406065583229065,-1.689406156539917,3.978161573410034,1.9208509922027588
GPC,2.939384698867798,0.5404728651046753,0.5724430084228516,-0.17389120161533356,2.5888774394989014,2.203693151473999,1.0916975736618042,-1.731216311454773,-1.8466613292694092
GPK,0.45058169960975647,0.28121912479400635,-0.6739238500595093,-0.1654442399740219,1.7673835754394531,-0.9037818312644958,0.6688326597213745,-0.46506601572036743,-0.21142970025539398
GPN,1.885798692703247,0.21594299376010895,2.1061184406280518,-1.9313883781433105,-0.00363813410513103,-1.4154056310653687,2.870086431503296,0.562761127948761,1.009682297706604
GPRE,-0.31054365634918213,0.5565229654312134,-1.5878113508224487,-1.4936693906784058,2.7552008628845215,-0.08223927766084671,2.475839614868164,-0.5144616961479187,-2.195157289505005
GPS,-2.988079071044922,1.006546974182129,1.040311336517334,3.2452492713928223,2.10253643989563,-0.053517963737249374,2.1777760982513428,3.4721004962921143,0.2366047501564026
GRMN,-3.190673589706421,1.7133387327194214,1.322871446609497,3.3675341606140137,0.7494292855262756,-0.991950511932373,2.9582531452178955,6.384303569793701,0.49582046270370483
GSS,-0.7360076308250427,1.9963157176971436,0.5769531726837158,0.37133052945137024,3.562504291534424,0.010036993771791458,-1.3420181274414062,-0.4722002148628235,-1.5367228984832764
GTN,0.3946911096572876,1.0760856866836548,-0.7072333097457886,0.4694844186306,1.245199203491211,1.3667738437652588,-4.181525707244873,2.088947296142578,0.6565014719963074
GWW,0.41422608494758606,0.6215614080429077,0.37313327193260193,0.037682048976421356,1.9008965492248535,1.4578571319580078,-1.7524102926254272,-0.6298692226409912,0.5039193034172058
HAIN,-0.983808696269989,0.7496480345726013,0.4685893952846527,-0.5696428418159485,1.206620693206787,2.398986577987671,0.4347074329853058,-0.8422538638114929,0.835023045539856
HAL,-0.766099214553833,-0.1964632272720337,-3.1277763843536377,0.26608094573020935,2.375194787979126,-0.4957907795906067,1.6193556785583496,0.7502421736717224,-0.06918599456548691
HAS,-1.1660096645355225,1.4281041622161865,-0.6475052833557129,1.522263526916504,1.0177546739578247,0.10457074642181396,-4.169814109802246,2.985050678253174,5.529802322387695
HBI,-0.4526595175266266,0.05911322683095932,1.3867934942245483,2.192291736602783,2.6868677139282227,1.474609375,1.6543279886245728,0.26193660497665405,0.4636775255203247
HD,1.367793321609497,1.5365513563156128,-2.4107298851013184,1.6306202411651611,2.0453383922576904,-1.8594739437103271,-0.22657468914985657,-1.4634512662887573,3.379532814025879
HES,-0.7476857304573059,-0.08068566769361496,-2.756174087524414,0.1391458660364151,2.0176823139190674,-0.5442001819610596,1.0963008403778076,0.6809666752815247,-0.02933368645608425
HFC,-0.24009419977664948,0.5205897092819214,-1.5755759477615356,-1.4444745779037476,2.582123279571533,-0.04098948836326599,2.4025824069976807,-0.584054708480835,-2.1055679321289062
HHS,3.459038257598877,-0.33954286575317383,-1.5551766157150269,-3.1502573490142822,1.7978593111038208,-1.9398844242095947,-3.052680015563965,4.858056545257568,-4.046183109283447
HIG,0.246624156832695,0.5814773440361023,1.8395438194274902,-0.8432245254516602,2.507558584213257,-3.2945947647094727,4.390878677368164,-0.2854655981063843,1.8993585109710693
HLF,0.19660937786102295,0.8039159774780273,-0.1552084982395172,-0.5059632062911987,0.8644484281539917,2.4193739891052246,3.2239437103271484,-1.967408299446106,2.0692455768585205
HOG,0.2511930465698242,1.7760223150253296,1.8796790838241577,-1.1817532777786255,4.074952602386475,2.1101999282836914,2.5749731063842773,-2.6848793029785156,-2.374250888824463
HOLX,0.4511946439743042,0.12241268903017044,-0.17214490473270416,0.2110375612974167,0.13157348334789276,0.5972061157226562,1.1427191495895386,1.2354438304901123,-0.03747229278087616
HON,0.7090732455253601,1.4600789546966553,0.5716686248779297,1.0366981029510498,1.4658437967300415,0.5149323344230652,-0.011912742629647255,-0.9695563316345215,0.39776042103767395
HPQ,0.46537700295448303,0.28795677423477173,-0.17057812213897705,0.5677909255027771,0.8613592386245728,-2.3328182697296143,0.4912210702896118,1.920866847038269,2.2992708683013916
HRB,3.5798113346099854,-0.5675709843635559,2.230419874191284,-0.9003899693489075,3.589304208755493,3.3378405570983887,-3.704817533493042,0.6723813414573669,0.10996440052986145
HRL,-0.9532468914985657,0.7216748595237732,0.41916751861572266,-0.689820408821106,1.214561104774475,2.290112257003784,0.37228837609291077,-0.9341997504234314,0.8395140171051025
HSIC,1.0031700134277344,-0.9034619927406311,0.324794203042984,1.1055994033813477,0.9539932608604431,1.2271621227264404,2.3795297145843506,2.041154384613037,-0.28780388832092285
HSY,-0.9111890196800232,0.7600696086883545,0.47454556822776794,-0.6601088643074036,1.1985141038894653,2.2398195266723633,0.35668233036994934,-0.9168506860733032,0.8205592036247253
HUM,1.6438401937484741,-1.487687110900879,-0.43851402401924133,-1.9188064336776733,0.27831223607063293,0.008888514712452888,1.8761831521987915,1.3108397722244263,1.156861662864685
HWKN,0.17939002811908722,0.9235418438911438,1.0097191333770752,-1.2540603876113892,2.672325372695923,-1.2967255115509033,1.3665298223495483,-2.019744396209717,2.7980008125305176
IAG,-0.7435666918754578,1.9544634819030762,0.6053752899169922,0.3543376326560974,3.511274576187134,0.08359028398990631,-1.3569928407669067,-0.4674556255340576,-1.540697693824768
IBM,1.902840495109558,0.5764226913452148,3.228519916534424,-0.259255975484848,0.05017472803592682,-1.692745566368103,1.4544813632965088,1.7337214946746826,1.0208250284194946
ICE,-0.6588343381881714,1.0012304782867432,1.7334197759628296,-1.2837942838668823,1.1864690780639648,-1.4011049270629883,1.5872540473937988,0.08166909962892532,1.116586685180664
IDXX,0.3826414942741394,0.06687932461500168,-0.14472493529319763,0.17983263731002808,0.11203909665346146,0.6574001908302307,1.0484102964401245,1.1764310598373413,-0.00010075560567202047
IEX,-0.09820491075515747,-0.3679455518722534,-0.4846525490283966,-0.15216338634490967,1.0288772583007812,0.3981704115867615,0.008173034526407719,-0.04976993054151535,0.5269473195075989
IFF,0.35264143347740173,-1.208392858505249,-1.7042211294174194,-0.023548515513539314,1.3624356985092163,0.6237583756446838,-0.23924313485622406,0.7453222274780273,0.6395947337150574
ILMN,0.8307070136070251,-0.8597836494445801,0.5001590251922607,1.0876195430755615,0.5096181035041809,0.937185525894165,1.3174495697021484,2.6604716777801514,0.40678709745407104
INCY,1.5527533292770386,0.36044469475746155,-1.4177513122558594,-0.11135036498308182,-1.1062195301055908,0.1855776309967041,1.9123737812042236,2.440969944000244,2.1727945804595947
INT,-0.24182938039302826,0.4947086274623871,-1.6498655080795288,-1.5554311275482178,2.7576942443847656,-0.1951839178800583,2.4871444702148438,-0.5509680509567261,-2.1446890830993652
INTC,0.022006848827004433,0.29316550493240356,-0.7588096857070923,-0.06702884286642075,0.9296442270278931,-2.1468770503997803,0.49171507358551025,1.369032621383667,2.3233799934387207
INTU,3.9997832775115967,0.18371616303920746,3.4134275913238525,-1.2599823474884033,0.42319217324256897,-2.7095789909362793,1.0345885753631592,1.206653356552124,0.4837656021118164
IO,-0.9281940460205078,-0.15467709302902222,-3.10245418548584,0.27939513325691223,2.3059120178222656,-0.5114254951477051,1.569801926612854,0.7828871011734009,-0.13802297413349152
IP,0.540176272392273,0.2520042657852173,-0.6857209801673889,-0.1861175000667572,1.8289401531219482,-0.9469592571258545,0.6008692383766174,-0.5072988867759705,-0.20056284964084625
IPG,3.306729793548584,-0.4169859290122986,-1.795453667640686,-3.102722406387329,1.9061976671218872,-1.8801372051239014,-3.1478118896484375,4.860891819000244,-4.072415351867676
IPGP,-0.7032842040061951,-0.35302141308784485,0.5498675107955933,-0.06194009631872177,0.6139730215072632,-1.7341727018356323,-2.7774603366851807,4.5048089027404785,0.5898786187171936
ISRG,0.4480154812335968,0.05409735441207886,-0.21979141235351562,0.17025603353977203,0.09821964055299759,0.40894463658332825,0.9464993476867676,1.0202629566192627,0.01862247660756111
IT,0.7882699370384216,0.8067521452903748,1.7548155784606934,-0.3367839753627777,0.0938238799571991,-2.2766306400299072,-0.891987144947052,2.3132193088531494,0.3059385120868683
ITW,-0.060643769800662994,-0.11149267852306366,-0.30880358815193176,-0.15610703825950623,0.864423930644989,0.3286372125148773,0.041182760149240494,0.03439942002296448,0.42856258153915405
IVZ,0.7736638188362122,-1.204209566116333,2.048518419265747,-3.146291971206665,1.84672212600708,1.7430000305175781,0.8952751755714417,-0.020033393055200577,0.42283254861831665
J,5.003062725067139,4.250576019287109,-2.487567186355591,0.6640422344207764,3.0445666313171387,-4.199229717254639,-2.2852911949157715,-3.2322874069213867,4.087137699127197
JBHT,0.6216387152671814,1.072101354598999,0.8379921317100525,-1.5964378118515015,3.383479595184326,1.4809870719909668,1.4900331497192383,-1.937483787536621,-2.2940592765808105
JCI,2.765989065170288,0.6976187825202942,-1.8108253479003906,0.5109197497367859,1.1168174743652344,-1.2433685064315796,-0.38685342669487,-1.0423741340637207,1.9310860633850098
JKHY,2.0580437183380127,0.10872753709554672,1.9488191604614258,-2.1268842220306396,0.10004375874996185,-1.3132535219192505,2.8591535091400146,0.3563949465751648,0.8841966986656189
JNJ,1.7502065896987915,0.5075945854187012,-1.6145539283752441,-0.13538870215415955,-0.984386682510376,-0.08157175034284592,2.082705020904541,2.4139039516448975,2.043443441390991
JNPR,0.05927595868706703,-0.5872719287872314,1.5299755334854126,-0.24739375710487366,0.7550537586212158,-0.9815958142280579,-3.380713701248169,4.156394004821777,0.22785577178001404
JSAIY,-1.206305742263794,1.0154907703399658,1.2054638862609863,1.7917550802230835,1.8868625164031982,2.999352216720581,0.9688912630081177,-0.28719085454940796,1.3920295238494873
JWN,-0.297074556350708,0.008721473626792431,3.2015175819396973,3.5599007606506348,2.813671588897705,1.3791035413742065,1.434256911277771,1.680808663368225,3.6735827922821045
K,-1.0215126276016235,0.7242120504379272,0.45606163144111633,-0.6511029005050659,1.1841278076171875,2.336390733718872,0.49058997631073,-0.9029595255851746,0.7735223770141602
KEP,-0.6464885473251343,0.2135007381439209,-0.03116527944803238,0.489256888628006,1.2298431396484375,2.6269290447235107,-0.12534624338150024,2.139354705810547,-0.7535555362701416
KLAC,-0.24759136140346527,0.5953432321548462,-1.0169775485992432,-0.3145463466644287,1.1689765453338623,-2.7044193744659424,0.8095427751541138,1.452072024345398,2.8424952030181885
KMB,1.2708783149719238,0.22364039719104767,-1.4667357206344604,2.9545676708221436,1.1576001644134521,-0.058585986495018005,1.2681732177734375,0.860539436340332,2.6070098876953125
KMX,1.095640778541565,1.2736365795135498,1.276296615600586,-1.3864864110946655,2.830909252166748,1.7401646375656128,1.2900434732437134,-1.996851921081543,-1.8877818584442139
KO,-0.9432506561279297,0.8112841844558716,0.6007355451583862,-0.8298635482788086,1.4857323169708252,2.8416309356689453,0.31238120794296265,-1.0852367877960205,0.7934417724609375
KR,-2.1681485176086426,1.079444408416748,-0.3383612036705017,1.4446643590927124,0.4523102939128876,2.7058637142181396,-0.07460276037454605,0.9742499589920044,3.3350422382354736
KSS,-0.22412525117397308,-0.05269100144505501,3.388765335083008,3.4223833084106445,2.8662309646606445,1.5625298023223877,1.369032859802246,1.6096073389053345,3.7621734142303467
KSU,0.8781992197036743,0.7185645699501038,-0.6409612894058228,-2.6153275966644287,3.1653974056243896,0.11867713183164597,0.306711345911026,-1.369840145111084,-1.9359254837036133
KT,0.47266632318496704,0.6578848361968994,-1.474737524986267,2.2935521602630615,2.1971065998077393,-0.6511569619178772,-3.423074722290039,2.4905805587768555,0.30232325196266174
L,1.0793168544769287,0.49922412633895874,0.7732927799224854,0.5453557372093201,1.7707757949829102,-1.8329758644104004,2.529531478881836,-0.16643735766410828,0.6005852818489075
LB,0.23330619931221008,1.3561005592346191,1.1247612237930298,3.422481060028076,1.098839282989502,0.8785991072654724,1.1540677547454834,0.9672688245773315,3.106367349624634
LBTYA,1.0904567241668701,0.39622682332992554,0.48113182187080383,2.78633451461792,2.8554646968841553,-0.7042276859283447,-3.3257765769958496,3.3386685848236084,-0.3914441764354706
LDOS,2.3261325359344482,-0.2887738049030304,2.684096097946167,1.1171374320983887,0.2725735008716583,0.4397299289703369,0.07978105545043945,4.04937219619751,1.31538987159729
LEG,0.5015453696250916,-0.10202673822641373,-1.1691854000091553,2.4309794902801514,4.135061740875244,-1.580472707748413,0.7723541259765625,-0.6914803981781006,2.2037267684936523
LEN,3.0926966667175293,0.5438433885574341,-0.875013530254364,0.2190171778202057,1.254296064376831,-1.5670393705368042,0.09585217386484146,-1.308262586593628,2.1416432857513428
LH,1.4207284450531006,-0.3209872245788574,-0.9723115563392639,0.2707163393497467,0.4114961326122284,-0.1158701702952385,2.384835958480835,1.855959177017212,-0.1700815111398697
LKQ,2.8647773265838623,0.6187670826911926,0.5106968879699707,-0.11632809042930603,2.550443410873413,2.229546546936035,1.1608946323394775,-1.7332359552383423,-1.841963768005371
LLY,1.7622829675674438,0.3950290381908417,-1.6351854801177979,-0.0873834565281868,-1.050003170967102,0.17584894597530365,2.0897483825683594,2.5325517654418945,2.0105812549591064
LMT,-0.34349462389945984,2.477341890335083,-0.7826982736587524,-0.6552777290344238,2.5844247341156006,-1.2990100383758545,0.28452417254447937,-1.8995065689086914,0.8287885785102844
LNC,0.7101123332977295,-1.8121267557144165,0.13086213171482086,-0.3129909932613373,0.3901965916156769,-1.1364666223526,3.9335989952087402,2.4683313369750977,1.1638922691345215
LNT,-0.475690096616745,0.2386845350265503,0.147801011800766,0.5525510907173157,1.1949619054794312,2.487356662750244,-0.23679611086845398,2.0392332077026367,-0.6487751603126526
LOW,1.2003612518310547,1.4315122365951538,-2.3464581966400146,1.621606469154358,2.102803945541382,-1.7706443071365356,-0.14915582537651062,-1.4500665664672852,3.4060912132263184
LPX,3.375504970550537,3.400404453277588,0.26138272881507874,-0.821765661239624,0.3456297218799591,0.6499706506729126,1.5588445663452148,-0.4043096899986267,-0.28022149205207825
LRCX,-0.18363478779792786,0.6822818517684937,-0.9115850925445557,-0.3218734562397003,1.0248621702194214,-2.678835153579712,0.7590928077697754,1.4393755197525024,2.747161626815796
LUV,-0.24155525863170624,1.536630630493164,-1.173057198524475,-3.0817368030548096,2.7078607082366943,-1.0537109375,0.41519245505332947,-1.191712498664856,-0.5299420952796936
LYV,0.5044580698013306,2.8160252571105957,-0.36633461713790894,-0.9258607625961304,0.8827939033508301,-0.13099639117717743,-3.9194939136505127,1.8661720752716064,-1.322862982749939
MA,1.9741947650909424,0.2622876763343811,2.0339720249176025,-2.0020883083343506,0.03362062945961952,-1.3403632640838623,2.9192960262298584,0.2943754196166992,1.058894157409668
MAR,-1.4566987752914429,0.6134383678436279,-3.191124677658081,-1.5882112979888916,2.569931745529175,-0.27350667119026184,-2.9890410900115967,0.30931100249290466,1.171380877494812
MAS,2.9457805156707764,0.5476959943771362,-1.7096056938171387,0.4607773423194885,1.3604762554168701,-1.371259331703186,-0.571077823638916,-1.208085060119629,1.7535313367843628
MBT,0.7614781260490417,0.6058041453361511,0.19796980917453766,3.0248172283172607,2.2667198181152344,-0.9954423308372498,-2.294877290725708,2.633298873901367,0.8642024397850037
MCD,-1.021243691444397,1.7327040433883667,-0.046634070575237274,-1.3057870864868164,1.8728985786437988,2.4172775745391846,-0.45432284474372864,-1.8190566301345825,0.5988638997077942
MCHP,0.04737665876746178,0.32919076085090637,-0.7982293367385864,-0.09066028892993927,0.9609330296516418,-2.232475996017456,0.5416306257247925,1.4246912002563477,2.3304238319396973
MCK,1.1599606275558472,-0.8983743190765381,0.27921268343925476,1.2357168197631836,0.9937140345573425,1.3552887439727783,2.475647211074829,2.3484065532684326,-0.2706614136695862
MCO,-0.6786253452301025,0.8958977460861206,1.748983383178711,-1.3019152879714966,1.1365032196044922,-1.3909876346588135,1.4815202951431274,0.12404986470937729,1.219185471534729
MDLZ,-1.0180935859680176,0.7344446778297424,0.45086830854415894,-0.5821521282196045,1.167300820350647,2.184810161590576,0.45605599880218506,-0.8726856708526611,0.8432369828224182
MED,0.1162010058760643,0.6636691093444824,-0.0896230936050415,-0.4989471435546875,0.870949923992157,2.458530902862549,3.187805414199829,-2.008880138397217,2.0054359436035156
MET,0.5204633474349976,-1.599044919013977,0.08685053139925003,-0.29042476415634155,0.33386799693107605,-0.9677674174308777,4.05167818069458,2.4702324867248535,0.8852128386497498
MGEE,-0.48672372102737427,0.20017901062965393,0.08450253307819366,0.46587705612182617,1.1114349365234375,2.5283291339874268,-0.2311388999223709,2.0520074367523193,-0.7277867197990417
MGM,0.9996699690818787,1.5967000722885132,-0.2968204915523529,-1.0660508871078491,1.5156491994857788,0.10495500266551971,-3.625462532043457,-0.49602100253105164,3.4167585372924805
MHK,0.21978189051151276,-0.19156622886657715,-0.9896910190582275,2.373389482498169,4.680123329162598,-1.5579508543014526,0.5854987502098083,-1.0172221660614014,1.761467456817627
MKC,-1.0512851476669312,0.8101677894592285,0.5122238397598267,-0.5990292429924011,1.173799991607666,2.3218820095062256,0.4316713511943817,-0.9249712824821472,0.8486199378967285
MKTX,-0.7639536261558533,0.9085022211074829,1.9782823324203491,-1.2859601974487305,1.2759556770324707,-1.4576468467712402,1.5847182273864746,0.08101841062307358,1.1690051555633545
MLM,5.408265590667725,-2.3347785472869873,-4.025643348693848,-1.2304333448410034,5.081386566162109,-2.7022926807403564,-0.2055121660232544,-3.4202377796173096,3.8712522983551025
MMC,0.20592844486236572,0.5766652822494507,2.0614142417907715,-0.5140921473503113,2.7572216987609863,-3.3073642253875732,3.649327278137207,-0.2798707187175751,1.7482281923294067
MMM,0.7470799088478088,1.5150458812713623,0.528876781463623,1.079442024230957,1.5204685926437378,0.4576554596424103,0.06296924501657486,-0.9840410351753235,0.34679853916168213
MNST,-0.9573603868484497,0.8910751342773438,0.5836418271064758,-0.9181076884269714,1.4375636577606201,2.8017759323120117,0.37232452630996704,-1.0662137269973755,0.7553964257240295
MO,0.8628610968589783,0.6208512187004089,-2.636848211288452,0.6478457450866699,0.7512452006340027,4.339633464813232,-0.8088207244873047,-0.6560018658638,3.3753857612609863
MRK,1.5919944047927856,0.33171170949935913,-1.5529428720474243,-0.09100054949522018,-0.9576002955436707,0.07116980850696564,1.9052869081497192,2.4360814094543457,2.202474355697632
MRO,-0.69556725025177,-0.14222010970115662,-2.849287748336792,0.26953795552253723,2.2240242958068848,-0.6430018544197083,1.1257692575454712,0.6808897256851196,0.05318053811788559
MRWSY,-0.961315393447876,1.550821304321289,0.6195448637008667,1.0777455568313599,1.4860605001449585,3.3882253170013428,-0.06792692095041275,-0.5052067637443542,1.6950205564498901
MSCI,-0.5604873299598694,0.9932893514633179,1.8714109659194946,-1.3445972204208374,1.134450078010559,-1.4942281246185303,1.5996689796447754,0.1263299435377121,1.2305318117141724
MSEX,-2.7343997955322266,1.0404108762741089,0.22551289200782776,-1.389197587966919,2.2499711513519287,3.101667881011963,1.1209346055984497,-0.3830336332321167,-0.6905232667922974
MSFT,1.39557945728302,1.890845537185669,-0.09901807457208633,1.5629870891571045,0.09372308850288391,-1.671288013458252,-2.5068955421447754,2.4106221199035645,1.4713964462280273
MSI,-0.033375367522239685,-0.5176341533660889,1.4403226375579834,-0.22833049297332764,0.82881098985672,-1.1158149242401123,-3.626492977142334,4.168490886688232,0.38342878222465515
MTD,0.8066583275794983,-0.8042086362838745,0.5163381695747375,1.1213494539260864,0.4595675468444824,0.9258115291595459,1.4829388856887817,2.740795373916626,0.37176936864852905
MTRN,-0.5438004732131958,1.951696515083313,-1.937050461769104,0.6793200373649597,3.5456583499908447,-0.41402316093444824,-1.1554456949234009,-0.150565505027771,-2.08870530128479
MU,-0.05924304202198982,0.28131675720214844,-0.7044573426246643,-0.14464712142944336,0.8794988393783569,-2.0665676593780518,0.44398510456085205,1.3758702278137207,2.2434237003326416
NAT,0.29248303174972534,0.48173150420188904,-2.973356008529663,-1.1287695169448853,1.5964992046356201,-0.9690516591072083,3.1689743995666504,-0.10210274904966354,0.16308654844760895
NBL,-0.7820931077003479,-0.10734035819768906,-2.669208526611328,0.1909029483795166,2.15171480178833,-0.6342679858207703,1.1381568908691406,0.7214924097061157,-0.004478445742279291
NDAQ,-0.8867507576942444,1.0006729364395142,1.6215944290161133,-1.255184292793274,1.310255527496338,-1.353223443031311,1.482252836227417,0.03537735342979431,0.9676067233085632
NEE,-0.5456485152244568,0.2712159752845764,-0.0028433578554540873,0.5791016817092896,1.135720133781433,2.458613157272339,-0.24196787178516388,1.9974206686019897,-0.7285165190696716
NEM,-0.7907907962799072,2.0497114658355713,0.6347587704658508,0.3067799210548401,3.623136043548584,0.0948176458477974,-1.3978667259216309,-0.4786713123321533,-1.6404176950454712
NEWT,0.4665156900882721,-1.067378044128418,1.9965907335281372,-2.9494853019714355,1.837255835533142,1.788584589958191,0.7411690950393677,0.07992108166217804,0.20819289982318878
NFLX,-0.13921183347702026,2.669060707092285,0.15183566510677338,0.09112689644098282,0.3032153248786926,0.5970963835716248,-4.119708061218262,2.601189136505127,1.4563536643981934
NGG,-0.7281963229179382,0.48644572496414185,-0.07561405003070831,0.2980302572250366,0.9804432988166809,2.6344916820526123,-0.6764602065086365,1.7209405899047852,-0.47825726866722107
NGS,-0.9691333770751953,-0.18309780955314636,-3.0189249515533447,0.259389191865921,2.4066002368927,-0.5212344527244568,1.6167070865631104,0.7609562873840332,-0.11177882552146912
NI,-0.6182129979133606,0.4562358260154724,-0.055560141801834106,0.3486499488353729,1.0803128480911255,2.653057813644409,-0.6888970136642456,1.781839370727539,-0.6325030326843262
NKE,-3.045625925064087,-1.174708604812622,-1.0091878175735474,3.708641767501831,3.218836784362793,0.8388315439224243,2.9607157707214355,3.407942295074463,1.6695462465286255
NLOK,1.5298335552215576,3.494439125061035,2.766162872314453,2.430668830871582,0.7071276307106018,-0.266834557056427,-0.5160472393035889,3.218510627746582,1.2788827419281006
NNA,0.9075128436088562,0.9173537492752075,-3.0027053356170654,-0.9335130453109741,1.3753074407577515,-1.001359462738037,3.494417905807495,-0.0371936559677124,-0.10551699995994568
NOC,-0.3814225196838379,2.369513988494873,-0.7684922218322754,-0.6661591529846191,2.5825040340423584,-1.178094744682312,0.1862940639257431,-1.8407143354415894,0.7471683621406555
NOV,-0.8691788911819458,-0.10305912792682648,-3.1576552391052246,0.3068244159221649,2.329454183578491,-0.5064114928245544,1.5216306447982788,0.8033641576766968,-0.09389284253120422
NRG,-0.50465327501297,0.2467583268880844,0.05573704466223717,0.5226389169692993,1.0687005519866943,2.4988701343536377,-0.19369351863861084,2.01133394241333,-0.6862108111381531
NSC,0.8683558702468872,0.708503246307373,-0.6282047629356384,-2.3611342906951904,3.068913698196411,0.14015226066112518,0.3734164535999298,-1.3518931865692139,-1.962681531906128
NTAP,2.178922414779663,0.674259603023529,2.0250425338745117,0.6093757152557373,0.4584653079509735,-2.5605478286743164,-0.5337239503860474,2.1103429794311523,1.3786733150482178
NTES,2.783076763153076,-0.6896169185638428,-1.7230602502822876,-0.03738260269165039,0.09263717383146286,-1.0174328088760376,-3.0527596473693848,3.562912702560425,2.4159083366394043
NUE,-0.23970061540603638,1.22635018825531,-1.4404430389404297,0.5802953839302063,3.174726724624634,-0.09433814138174057,-1.0447975397109985,-0.10888904333114624,-1.8590893745422363
NVDA,0.0558357760310173,0.3157404065132141,-0.7734257578849792,-0.065231554210186,0.9169237017631531,-2.166581630706787,0.48851677775382996,1.3766354322433472,2.3558549880981445
NVR,2.0473568439483643,0.2918534278869629,0.8925687670707703,-0.3233196437358856,0.7054692506790161,-1.1690154075622559,1.0998386144638062,-1.0826618671417236,1.3633239269256592
NWL,1.9862840175628662,2.1499600410461426,-2.4898674488067627,3.474790573120117,2.2913269996643066,-0.37019386887550354,2.241945743560791,-0.2980320155620575,0.6038865447044373
NXST,1.6599823236465454,1.6927857398986816,-1.0080863237380981,0.4944133162498474,0.6467012166976929,1.0254015922546387,-4.1861042976379395,2.6065151691436768,-0.4487277865409851
NYT,0.19772610068321228,-2.0942463874816895,-2.13808274269104,-2.317201852798462,0.9681240320205688,2.6532986164093018,-5.831875801086426,6.502890586853027,0.7267535328865051
ODFL,0.6399441957473755,1.0510759353637695,0.769694447517395,-1.4422478675842285,3.4422061443328857,1.4165534973144531,1.588533639907837,-2.026545524597168,-2.1765658855438232
OGE,-0.5904811024665833,0.25715675950050354,0.03850901126861572,0.5643671751022339,1.1163386106491089,2.4339730739593506,-0.2910584509372711,2.0377984046936035,-0.6418486833572388
OII,-0.9343149662017822,-0.19706961512565613,-3.080439567565918,0.30171769857406616,2.3286969661712646,-0.4648057818412781,1.602107048034668,0.7828449606895447,-0.02229906991124153
OKE,-0.4379248321056366,1.0225765705108643,-3.3726673126220703,-0.7890909314155579,1.0752942562103271,-0.6409928798675537,2.277982711791992,-0.04026997461915016,0.7318522334098816
OMC,3.4077465534210205,-0.30924680829048157,-1.4919312000274658,-3.1883842945098877,1.8019917011260986,-1.8057279586791992,-3.1474623680114746,4.761229038238525,-4.011853218078613
ORAN,-0.004364531021565199,2.3507111072540283,0.33829134702682495,2.9421825408935547,1.7325704097747803,-0.9069757461547852,-1.570253610610962,4.012163162231445,-1.1352900266647339
ORCL,2.40731143951416,1.9373358488082886,2.922499656677246,2.405892848968506,1.6532230377197266,-0.91047602891922,-1.4215710163116455,1.7906392812728882,2.4213523864746094
ORLY,1.8728986978530884,0.7465937733650208,0.9661105275154114,-0.5239344835281372,2.482785701751709,2.039769172668457,1.250077724456787,-1.6701042652130127,-1.7785767316818237
OXY,0.6814911961555481,-2.1113152503967285,-3.9842538833618164,0.2561708390712738,2.1004436016082764,0.3773263692855835,0.5125986337661743,1.0773977041244507,0.7290704250335693
PAAS,-1.0672144889831543,2.632800817489624,0.8141943216323853,0.21470309793949127,4.150069236755371,0.060465361922979355,-1.582597017288208,-0.6204995512962341,-1.8496311902999878
PAYX,2.4444313049316406,-0.17878875136375427,1.942256212234497,-1.9333627223968506,0.5153995156288147,-1.4693716764450073,2.1766815185546875,-0.15599577128887177,1.0640857219696045
PCAR,3.3129515647888184,0.2590416967868805,-1.0399664640426636,0.17842641472816467,1.5120981931686401,-0.8435595035552979,-0.9799228310585022,-1.4725513458251953,1.6589093208312988
PEG,-0.7231565117835999,0.3802371919155121,-0.14269296824932098,0.26929163932800293,1.0124549865722656,2.730512857437134,-0.6155879497528076,1.7781587839126587,-0.5397835373878479
PEIX,-0.28714993596076965,0.5081940293312073,-1.6477644443511963,-1.5682588815689087,2.6889729499816895,-0.09779046475887299,2.550922155380249,-0.5269777178764343,-2.2330546379089355
PEP,-0.92416912317276,0.8544343113899231,0.592688798904419,-0.8444675207138062,1.3586211204528809,2.7427873611450195,0.3763742744922638,-1.0336990356445312,0.8057267665863037
PFE,1.736339807510376,0.4836375415325165,-1.5278624296188354,-0.19147145748138428,-1.1092469692230225,0.061323557049036026,2.137558698654175,2.584636926651001,2.019040584564209
PFG,0.4296410083770752,-1.5661693811416626,-0.02047683484852314,-0.35270243883132935,0.36405760049819946,-0.9414753913879395,4.083398818969727,2.3041257858276367,0.8171842694282532
PG,1.2212575674057007,0.09690411388874054,-0.24851341545581818,2.951948404312134,1.0566288232803345,0.2492336481809616,1.3150885105133057,0.8327966928482056,3.114356517791748
PGR,1.0966743230819702,0.43998008966445923,0.3196030259132385,0.6761221289634705,1.8065942525863647,-1.7833329439163208,2.4565863609313965,-0.21745885908603668,0.7815045118331909
PH,-0.035437945276498795,-0.15181505680084229,-0.39155489206314087,-0.13305525481700897,0.9020687937736511,0.3283975124359131,0.09070343524217606,-0.05991685763001442,0.42133259773254395
PHM,2.084091901779175,0.38836413621902466,0.9856088757514954,-0.2962363362312317,0.7218756079673767,-1.1191362142562866,0.982526421546936,-1.1373800039291382,1.4617865085601807
PKG,0.507179319858551,0.297972708940506,-0.7075725793838501,-0.1690046638250351,1.830489993095398,-0.9988617897033691,0.6824429035186768,-0.48359668254852295,-0.2275177240371704
PKI,0.8851791620254517,-0.8439491391181946,0.755549430847168,1.1060646772384644,0.5659199953079224,0.8367156386375427,1.539085865020752,2.657130718231201,0.2649030387401581
PKX,-0.24638357758522034,1.2763866186141968,-1.502374291419983,0.5998137593269348,3.2134768962860107,-0.04768829047679901,-1.090250849723816,-0.10392870008945465,-1.979464054107666
PM,2.026470899581909,1.0125397443771362,-1.7272989749908447,1.803236961364746,-0.09596441686153412,4.632830619812012,0.32939261198043823,1.7428395748138428,1.8255060911178589
PNR,-0.04153285548090935,-0.23710142076015472,-0.42590707540512085,-0.09325078129768372,0.9099569916725159,0.3766689896583557,0.08767736703157425,-0.021668152883648872,0.5142430663108826
PNW,-0.5353545546531677,0.20430532097816467,-0.0064165121875703335,0.495981365442276,1.1563867330551147,2.5626516342163086,-0.20533329248428345,2.2049856185913086,-0.7129196524620056
POR,-0.48105743527412415,0.22408054769039154,0.09596458077430725,0.4745238125324249,1.190796136856079,2.567701578140259,-0.27336251735687256,1.9803740978240967,-0.6279988288879395
PPG,0.40183475613594055,-1.2115658521652222,-1.5792386531829834,-0.11791706830263138,1.3958628177642822,0.6024492383003235,-0.3504392206668854,0.7294674515724182,0.7295580506324768
PPL,-0.4943566620349884,0.18011458218097687,0.11514862626791,0.47460588812828064,1.1611862182617188,2.4674932956695557,-0.24029360711574554,1.9680014848709106,-0.710709273815155
PRGO,1.677460789680481,0.36469584703445435,-1.5732394456863403,-0.015605799853801727,-1.0140159130096436,0.08054792135953903,1.959511160850525,2.491091728210449,2.0326015949249268
PRU,0.7092186212539673,-1.6431965827941895,0.23252858221530914,-0.32670214772224426,0.31553661823272705,-1.044122338294983,4.216008186340332,2.3470618724823,1.0150606632232666
PSMT,-3.2188665866851807,1.4269405603408813,-0.1764855682849884,0.6998197436332703,1.928451657295227,2.1940486431121826,-0.643571138381958,0.16115476191043854,2.27101993560791
PVH,-0.44953230023384094,0.020249968394637108,1.3917193412780762,2.1251449584960938,2.5892932415008545,1.4981145858764648,1.580302357673645,0.24740248918533325,0.5495043396949768
PWR,4.870492935180664,4.216338634490967,-2.37186861038208,0.6749885678291321,3.057969331741333,-4.362884998321533,-2.2593555450439453,-3.2115719318389893,4.211104869842529
PXD,-0.766255795955658,-0.1439199000597,-2.794856548309326,0.236796036362648,2.1333861351013184,-0.6131470203399658,1.1553609371185303,0.6585137844085693,-0.02568272314965725
QCOM,0.007030021864920855,0.2962172031402588,-0.6260166764259338,-0.011819720268249512,0.9420679807662964,-2.1350977420806885,0.4295399785041809,1.3722857236862183,2.28328800201416
RAD,0.5307801961898804,1.3960859775543213,-0.4823494553565979,1.9368994235992432,-1.130362868309021,2.207653522491455,0.06543032079935074,3.2623002529144287,4.72923469543457
RCL,-0.562471330165863,0.7503781914710999,-3.0413100719451904,-2.287172317504883,3.0532474517822266,-0.3968539237976074,-3.0757994651794434,-0.4237866699695587,0.18909871578216553
RE,-1.2928944826126099,1.6161465644836426,3.4410159587860107,-0.7377795577049255,1.9253227710723877,-3.8648324012756348,5.685484886169434,1.5410045385360718,1.9915435314178467
REED,-1.0083039999008179,0.8285261988639832,0.5714360475540161,-0.8579427599906921,1.4738223552703857,2.799901247024536,0.3190607726573944,-1.1419295072555542,0.7466391324996948
REGN,1.5967518091201782,0.4072607457637787,-1.5149123668670654,0.00869625061750412,-0.965520441532135,0.16189846396446228,1.8911247253417969,2.3995025157928467,2.082918167114258
RHI,4.894344329833984,-0.013863575644791126,2.8010246753692627,-3.1561594009399414,3.947160482406616,-2.5392143726348877,1.1103764772415161,-0.7345249652862549,-1.2497169971466064
RL,-0.4027276337146759,-0.05732210725545883,1.311672568321228,2.11962890625,2.631110906600952,1.4451085329055786,1.701408863067627,0.2396387904882431,0.5320932865142822
RMD,0.40551817417144775,0.11851487308740616,-0.3183012902736664,0.2916213572025299,0.16080375015735626,0.558424174785614,1.0482347011566162,1.262150526046753,-0.003952073864638805
ROK,-2.1340715885162354,-0.10053300112485886,-3.310406446456909,-1.1940157413482666,1.221810221672058,2.8269481658935547,1.6640859842300415,0.7709552645683289,-2.1270217895507812
ROL,0.7815049290657043,-2.40201735496521,-0.8858205080032349,-0.41789814829826355,4.3255510330200195,2.423652410507202,-1.0851633548736572,1.1543363332748413,-1.8466976881027222
ROP,0.7303098440170288,1.4459890127182007,0.5512191653251648,1.0432664155960083,1.4749938249588013,0.493731826543808,0.04111333191394806,-1.007202386856079,0.48165738582611084
ROST,-0.898618221282959,-0.36588382720947266,1.1564710140228271,2.9843366146087646,3.196428060531616,-0.4491111934185028,1.1907932758331299,0.7137062549591064,2.6601438522338867
RPM,0.28100091218948364,-1.1970347166061401,-1.6557191610336304,-0.014605958014726639,1.2710553407669067,0.6821165084838867,-0.1805855929851532,0.6847420930862427,0.6965929865837097
RSG,1.724819302558899,-3.1394898891448975,-0.9777027368545532,-1.8419814109802246,2.7961807250976562,2.062892198562622,-1.360445261001587,1.3111183643341064,1.2399234771728516
RTX,-0.32489269971847534,2.3291282653808594,-0.7745755910873413,-0.6698318719863892,2.4559786319732666,-1.183219075202942,0.24394629895687103,-1.744808554649353,0.6619495749473572
SAM,0.06419895589351654,0.3504044711589813,-3.735114812850952,2.6226468086242676,3.126004219055176,1.7792277336120605,-1.2568962574005127,-0.1813019961118698,0.9066579937934875
SBOW,-0.7152801156044006,-0.11188790202140808,-2.7652158737182617,0.14090877771377563,2.0880630016326904,-0.582036018371582,1.1491159200668335,0.6522923111915588,0.01228930801153183
SBUX,-1.0324862003326416,1.794433355331421,-0.02980501763522625,-1.4031237363815308,1.7223808765411377,2.2040164470672607,-0.34871357679367065,-1.7822500467300415,0.5693762302398682
SCCO,-0.6067173480987549,1.2808618545532227,-1.6441558599472046,0.5623846054077148,3.767002820968628,0.06893663853406906,-1.2823318243026733,-0.21445511281490326,-2.115114688873291
SCL,0.43749886751174927,-1.2332407236099243,-1.5145118236541748,0.022342044860124588,1.43807053565979,0.6591319441795349,-0.2440965622663498,0.644070029258728,0.6663655042648315
SEE,0.5256691575050354,0.2415093183517456,-0.6797861456871033,-0.20646221935749054,1.7868311405181885,-0.9640157222747803,0.6177570819854736,-0.4666381776332855,-0.21814541518688202
SEIC,0.6297630667686462,-1.0825035572052002,2.2184693813323975,-3.1291005611419678,1.935896873474121,1.7323609590530396,0.8450891375541687,0.02022733725607395,0.2003292739391327
SFTBF,0.8572049736976624,2.1087892055511475,0.33721205592155457,1.2387216091156006,0.8516944646835327,-2.419238805770874,-2.1472604274749756,1.9458376169204712,0.5220881104469299
SHW,0.3096701204776764,-1.1388893127441406,-1.666831374168396,-0.02300429530441761,1.3746767044067383,0.6821175217628479,-0.3206309676170349,0.7430475950241089,0.6091932654380798
SINA,2.730559825897217,0.504446268081665,-1.2657175064086914,0.28332069516181946,-0.766997218132019,0.7085350751876831,-3.374495506286621,4.131019115447998,1.5842255353927612
SIRI,1.4752885103225708,0.8990845084190369,-0.8414984345436096,1.6557209491729736,2.2983627319335938,-1.4468774795532227,-4.183495044708252,1.897434949874878,0.5624951124191284
SJI,-3.0677640438079834,-0.0794449970126152,-2.8350398540496826,1.4403682947158813,3.105396032333374,1.7914456129074097,-0.9784685373306274,2.473233938217163,-1.9152830839157104
SJM,-0.945472776889801,0.6792048811912537,0.47051873803138733,-0.6236615777015686,1.2446794509887695,2.279031753540039,0.45283129811286926,-0.9416206479072571,0.7980101108551025
SJR,0.17414137721061707,0.7234352827072144,-1.0641025304794312,2.121674060821533,3.0926289558410645,-1.1544793844223022,-4.224364757537842,1.8818007707595825,0.8987404108047485
SKM,0.20539668202400208,1.6706205606460571,-0.4821505844593048,1.7299363613128662,1.2675201892852783,-2.404822587966919,-0.2025221586227417,3.3428874015808105,-1.1285576820373535
SLB,-1.0513651371002197,-0.08051351457834244,-3.2514631748199463,0.32809969782829285,2.450028419494629,-0.45121002197265625,1.657433032989502,0.7308886647224426,-0.046200454235076904
SLF,0.4115535020828247,-1.5130747556686401,0.047112468630075455,-0.2889276444911957,0.35966914892196655,-1.1346946954727173,3.9246532917022705,2.408616781234741,0.7907419800758362
SLGN,1.6042083501815796,1.1020561456680298,-1.6021649837493896,0.46682336926460266,1.0008857250213623,-0.17937856912612915,1.3481818437576294,0.3974825143814087,-0.9864431619644165
SMG,-2.651412010192871,1.4142149686813354,0.5596155524253845,-2.12180233001709,1.3632025718688965,1.7666442394256592,1.8257495164871216,-1.124361515045166,2.3250482082366943
SNA,-0.016386672854423523,-0.1949530839920044,-0.416645348072052,-0.1578599363565445,0.8225038051605225,0.3387896716594696,0.062116269022226334,0.03452903404831886,0.4801679253578186
SNPS,2.60970139503479,0.7434654235839844,1.048722743988037,-0.19858738780021667,0.7693421840667725,-1.3459380865097046,-0.570698082447052,1.2852169275283813,0.6584175825119019
SO,-0.510671854019165,0.2516619563102722,0.09768541902303696,0.588113009929657,1.1884905099868774,2.526216506958008,-0.2766033411026001,2.110011339187622,-0.7089254260063171
SOHU,1.990564227104187,0.23202002048492432,-0.9104536771774292,-0.15726086497306824,-0.43563711643218994,0.1652638018131256,-3.7399024963378906,3.9397506713867188,3.0688514709472656
SPGI,-0.7596727013587952,0.9748608469963074,1.8044899702072144,-1.3443360328674316,1.217972993850708,-1.3481266498565674,1.5110684633255005,0.08442629128694534,1.1644854545593262
SRE,-0.6747180819511414,0.4963555932044983,0.05591278150677681,0.32703110575675964,1.0507621765136719,2.6752727031707764,-0.6859354972839355,1.7199324369430542,-0.53791743516922
SSP,0.34980976581573486,1.2016055583953857,-0.45169469714164734,0.30120664834976196,1.156861662864685,1.2692031860351562,-4.307653427124023,2.2647788524627686,0.6170185208320618
SSRM,-0.6736882328987122,1.9376291036605835,0.5808931589126587,0.37616100907325745,3.407182455062866,0.07199463993310928,-1.3132030963897705,-0.38065674901008606,-1.5283180475234985
STC,1.1661747694015503,0.5164083242416382,0.6467084884643555,0.584907054901123,1.87087082862854,-2.0026562213897705,2.457655429840088,-0.3039175271987915,0.7763182520866394
STE,0.40397319197654724,0.04055442288517952,-0.22995325922966003,0.2926763594150543,0.20303697884082794,0.5835692286491394,1.1097313165664673,1.1292731761932373,0.031496018171310425
STKL,-0.9536439180374146,0.6706159710884094,0.43858981132507324,-0.5850363373756409,1.2643758058547974,2.2660112380981445,0.43670934438705444,-0.9811639189720154,0.8316687941551208
STX,1.5314991474151611,0.36423948407173157,-0.6522226929664612,2.014610528945923,1.3471698760986328,-2.566218137741089,-0.25880366563796997,2.9314420223236084,1.4649708271026611
STZ,-0.05831942707300186,-0.17911876738071442,-3.1515557765960693,1.8914161920547485,2.6102757453918457,2.554056167602539,-1.011263370513916,-0.7805324196815491,1.9072258472442627
SWK,-0.03856198862195015,-0.13720504939556122,-0.31678706407546997,-0.1252157986164093,0.8753260374069214,0.34538066387176514,0.06206277012825012,0.004200672265142202,0.4381564259529114
SWKS,0.004544313997030258,0.3362935185432434,-0.7023311257362366,-0.08976850658655167,0.8899082541465759,-2.1582260131835938,0.5616188645362854,1.3410552740097046,2.289581775665283
SXT,0.42972859740257263,-1.3122379779815674,-1.6436669826507568,-0.05349428951740265,1.4885902404785156,0.7142187356948853,-0.2909812033176422,0.7480358481407166,0.7037733197212219
SYK,0.4165763556957245,0.11885599792003632,-0.26601144671440125,0.29205548763275146,0.15259449183940887,0.6633532643318176,1.1263477802276611,1.3076705932617188,-0.004737613257020712
SYY,-0.022480959072709084,3.4973671436309814,-1.0730310678482056,-1.5403146743774414,1.8551056385040283,3.321004867553711,-0.338103324174881,-3.1434268951416016,0.3687306344509125
T,0.6060857772827148,1.765526533126831,-1.036055088043213,2.188814878463745,1.3771717548370361,-0.26920339465141296,-3.441445827484131,2.8545162677764893,-0.40934500098228455
TAC,-1.4716733694076538,1.7356539964675903,-1.009708046913147,0.6358703374862671,0.8611071705818176,3.988914728164673,-0.21046271920204163,2.452366590499878,-1.1231831312179565
TAP,-0.006066551897674799,0.42640790343284607,-3.673358678817749,2.589630365371704,3.0809855461120605,1.7955890893936157,-1.240513563156128,-0.16648522019386292,0.912080705165863
TCEHY,2.026073694229126,1.6570295095443726,-0.5019735097885132,0.17024467885494232,-0.5468146800994873,-0.4668309986591339,-3.788262367248535,3.342193365097046,1.8757374286651611
TDG,-0.30447012186050415,2.306211233139038,-0.7322322130203247,-0.6512541770935059,2.5222222805023193,-1.2465466260910034,0.2877216637134552,-1.8297359943389893,0.7581748962402344
TDS,-0.7430654764175415,1.9775537252426147,-0.04213443771004677,3.1223158836364746,2.3172287940979004,-2.2981033325195312,-0.8302620053291321,2.9768824577331543,0.02153790555894375
TEL,-0.5796570181846619,-0.4454019069671631,0.5767170190811157,-0.03593215346336365,0.6065863966941833,-1.7686375379562378,-2.909850835800171,4.566340923309326,0.588631808757782
TELNY,1.402374029159546,1.0441405773162842,-0.5786975622177124,2.4902331829071045,1.57082200050354,-0.24449829757213593,-2.7855868339538574,3.178779363632202,-0.5865989923477173
TFX,0.531110942363739,0.07084359228610992,-0.2292158454656601,0.3007357120513916,0.1584460735321045,0.7165630459785461,1.233392357826233,1.4393337965011597,-0.08368900418281555
TGNA,1.958574652671814,1.9874463081359863,-1.0169826745986938,0.5021696090698242,0.8000404238700867,0.9066640734672546,-4.414360523223877,2.313551187515259,-0.6375452280044556
TGT,-1.028146743774414,2.2806622982025146,0.5453060269355774,1.1830252408981323,2.0211598873138428,3.6311657428741455,-0.519395112991333,-0.8477582931518555,1.3150938749313354
THS,-0.8874876499176025,0.7224512100219727,0.5200795531272888,-0.589569628238678,1.2466212511062622,2.3143961429595947,0.39819100499153137,-0.9438819289207458,0.8222453594207764
TIF,-1.2517123222351074,-0.038622040301561356,1.21626615524292,-1.1715598106384277,1.9029079675674438,1.8864959478378296,-1.292991042137146,0.10460741817951202,5.31903600692749
TJX,-0.9701953530311584,0.34131354093551636,2.517857313156128,2.351686716079712,2.4472718238830566,0.5739274621009827,1.5067800283432007,0.6107901334762573,2.742875337600708
TMO,0.7802816033363342,-0.7477596402168274,0.600544273853302,1.019112467765808,0.4640265703201294,0.9095435738563538,1.5915839672088623,2.675964593887329,0.3020935654640198
TNK,0.07812991738319397,1.0081336498260498,-3.3037073612213135,-0.5213435292243958,1.2897804975509644,-0.8353618383407593,2.808389186859131,0.014300958253443241,0.16122962534427643
TOT,0.5128135085105896,-2.0228261947631836,-3.931161880493164,0.3629603683948517,1.9227014780044556,0.4136609137058258,0.3992232084274292,1.195586919784546,0.7434079647064209
TPR,-0.38434112071990967,0.005318349227309227,1.4645432233810425,2.048935651779175,2.5951805114746094,1.4113025665283203,1.771265983581543,0.24460041522979736,0.49469542503356934
TROW,0.7304537892341614,-1.2133983373641968,2.345940351486206,-3.110947370529175,1.9445648193359375,1.5409835577011108,0.9918476939201355,-0.10448992997407913,0.5282860398292542
TRV,1.0762637853622437,0.4491503834724426,0.5811175107955933,0.641177773475647,1.8748430013656616,-2.0050363540649414,2.453212022781372,-0.22281648218631744,0.7751469612121582
TSCO,-3.8652124404907227,2.0112359523773193,0.3506770730018616,-0.33260825276374817,1.9957160949707031,0.8630344867706299,0.4665796756744385,-0.5424556732177734,4.0229105949401855
TSN,-0.9380525350570679,0.7373584508895874,0.5666541457176208,-0.6477944850921631,1.235694169998169,2.225609540939331,0.4693571925163269,-0.8960462212562561,0.8426162004470825
TT,2.754575490951538,0.6822936534881592,-1.8689544200897217,0.5246431231498718,1.2770702838897705,-1.4217616319656372,-0.4737549424171448,-1.1672061681747437,2.001349449157715
TTWO,1.3328043222427368,0.5731232166290283,-1.5420994758605957,-0.5507234334945679,0.487133264541626,-1.368294358253479,-3.5222713947296143,2.5990335941314697,2.747178554534912
TU,1.3952542543411255,-0.03069288842380047,-0.7758906483650208,2.164508819580078,1.9292736053466797,-0.4004613161087036,-3.3534696102142334,2.380016326904297,0.8144026398658752
TXN,0.019513841718435287,0.39041298627853394,-0.7482897639274597,-0.07183081656694412,0.8911883234977722,-2.1974711418151855,0.4579460918903351,1.4096070528030396,2.2724757194519043
TXT,-0.3364793062210083,2.3547353744506836,-0.8061450123786926,-0.6786059141159058,2.444199562072754,-1.1857939958572388,0.1849786788225174,-1.8012977838516235,0.7459585666656494
UAA,-0.49211013317108154,-0.02285298891365528,1.423037052154541,2.032383441925049,2.617663860321045,1.402504563331604,1.7139437198638916,0.3003517985343933,0.41853487491607666
UAL,-0.3377110958099365,1.6016476154327393,-1.169721007347107,-3.0072181224823,2.747225761413574,-1.1649835109710693,0.4405166506767273,-1.2622781991958618,-0.44276681542396545
UHS,-0.28334808349609375,0.177351176738739,0.05158890038728714,-2.8262691497802734,0.07900537550449371,-0.5907662510871887,5.35482931137085,3.7395145893096924,-1.2292892932891846
ULTA,0.2662926912307739,0.21670490503311157,2.118316888809204,1.2039357423782349,0.5561579465866089,2.285661458969116,-0.014521386474370956,1.59775972366333,4.095608234405518
UNFI,-0.3559628129005432,3.6687307357788086,-0.8749719858169556,0.2936933934688568,1.825082540512085,3.3404171466827393,-0.9386907815933228,-2.319767475128174,0.6283401250839233
UNH,1.6629449129104614,-1.486075758934021,-0.5297242999076843,-1.7683441638946533,0.25704601407051086,-0.020187953487038612,1.7885814905166626,1.4673395156860352,1.0628955364227295
UNM,0.42512091994285583,-1.6880837678909302,0.16475702822208405,-0.45679786801338196,0.43377479910850525,-1.1097019910812378,4.173802375793457,2.337076425552368,0.8612074851989746
UNP,0.9128063321113586,0.6611557602882385,-0.5654278993606567,-2.5866801738739014,3.175945281982422,0.15083880722522736,0.22429674863815308,-1.4010450839996338,-1.967232346534729
UPS,0.339692622423172,1.8234314918518066,-1.8417038917541504,-2.477297306060791,1.729628086090088,-1.36064875125885,2.300889253616333,-1.4276165962219238,0.5667428374290466
URI,0.46182551980018616,0.5918070077896118,0.40189436078071594,-0.005295104812830687,1.9789750576019287,1.4629346132278442,-1.736840844154358,-0.6967669725418091,0.46878695487976074
USM,-0.5329179763793945,2.1711978912353516,-0.09709390997886658,2.879371404647827,1.4011603593826294,-2.1527817249298096,-0.4891347885131836,3.4616823196411133,0.35029858350753784
USNA,0.6658361554145813,0.08372334390878677,-1.1839145421981812,2.4561212062835693,0.40015560388565063,1.8664844036102295,0.815721333026886,1.524566650390625,3.691037178039551
UTL,-0.7996428608894348,0.617868185043335,-0.12988372147083282,0.25531893968582153,0.9255425333976746,2.6681511402130127,-0.7850590944290161,1.714741826057434,-0.5086461901664734
V,2.080282688140869,0.2033878117799759,1.998470664024353,-1.9331097602844238,0.12368863075971603,-1.3186094760894775,2.874467134475708,0.19080622494220734,0.9590629935264587
VALE,-0.2626258432865143,1.2229191064834595,-1.4881246089935303,0.6038886308670044,3.2590386867523193,-0.06168278679251671,-1.1326301097869873,-0.13582660257816315,-1.8896900415420532
VAR,0.43024346232414246,0.07472153007984161,-0.17747342586517334,0.2110137790441513,0.18629194796085358,0.5937119126319885,1.0677013397216797,1.1491873264312744,-0.026564225554466248
VERU,1.0946546792984009,0.7636740207672119,-1.7672481536865234,0.3144848048686981,-0.7894335985183716,1.1031765937805176,2.0872879028320312,1.1079546213150024,2.701992988586426
VFC,-0.45205461978912354,0.031137336045503616,1.492051601409912,2.112448215484619,2.7544174194335938,1.561265468597412,1.8616608381271362,0.21204544603824615,0.36993470788002014
VFF,-1.8237615823745728,1.6785742044448853,0.8322370052337646,-2.277568817138672,1.08439302444458,1.1198382377624512,0.8945130705833435,-1.221329927444458,2.595658540725708
VIAC,1.5247126817703247,0.9572934508323669,-0.11901276558637619,-1.2906382083892822,0.41128256916999817,2.482966184616089,-4.427757740020752,2.3871309757232666,0.37723788619041443
VLO,-0.4009982943534851,0.5031327605247498,-1.6697944402694702,-1.534596562385559,2.7041361331939697,2.2471955162473023e-05,2.4493796825408936,-0.5386715531349182,-2.1580984592437744
VMC,5.3351006507873535,-1.679735779762268,-2.830988883972168,-1.2225313186645508,3.8515987396240234,-2.487482786178589,0.9915845990180969,-3.2620999813079834,3.9372105598449707
VOD,0.08881287276744843,2.409637689590454,1.189321756362915,2.9037678241729736,1.8712352514266968,-1.3367979526519775,-2.2280616760253906,2.5643935203552246,0.6048387289047241
VRSN,1.2401095628738403,-0.3019631803035736,0.5165867805480957,2.308370351791382,4.248197078704834,-1.1204111576080322,-2.6691696643829346,0.5457442998886108,1.6191197633743286
VRTX,1.535630226135254,0.5363042950630188,-1.4417767524719238,-0.06949632614850998,-0.9462117552757263,0.2003210186958313,1.9012991189956665,2.394225597381592,2.0598504543304443
VZ,0.7935183048248291,0.6275084614753723,-0.8815593719482422,2.806304931640625,2.8695974349975586,-0.8597537279129028,-2.7124884128570557,2.4723548889160156,-0.2374877780675888
WAB,3.151247262954712,0.16140073537826538,-0.9648187160491943,0.27188798785209656,1.4830877780914307,-0.866247832775116,-0.9274426698684692,-1.4085842370986938,1.6490142345428467
WAT,0.7988372445106506,-0.9973000884056091,0.48880141973495483,1.0404753684997559,0.6213587522506714,0.9776260852813721,1.451615333557129,2.687856674194336,0.26633408665657043
WBA,0.669784426689148,1.432344675064087,-0.35153841972351074,2.076826810836792,-1.130000352859497,2.1719844341278076,0.4133501350879669,3.1716933250427246,4.746692657470703
WDC,0.5490015149116516,1.1862480640411377,-0.5553057193756104,2.7470836639404297,0.9399081468582153,-2.292961359024048,0.40544435381889343,3.04394793510437,1.3666630983352661
WDR,0.6937652826309204,-1.1915751695632935,2.189026355743408,-3.202272415161133,1.8337368965148926,1.7077072858810425,0.9227282404899597,0.018291380256414413,0.27446243166923523
WEC,-0.8132323622703552,0.5456783771514893,-0.12139732390642166,0.32023945450782776,1.0184688568115234,2.648425579071045,-0.6519971489906311,1.7208912372589111,-0.6000382304191589
WHR,0.9036312103271484,3.153783082962036,-2.666829824447632,3.9091081619262695,1.7892541885375977,-0.6384935975074768,2.1346585750579834,-0.19511622190475464,1.5710091590881348
WLTW,0.42675521969795227,0.41101953387260437,2.1247482299804688,-0.629962146282196,2.6943116188049316,-3.225163221359253,3.525010108947754,-0.4231417775154114,1.831655740737915
WM,1.6551885604858398,-3.0641958713531494,-0.8676750063896179,-1.8814473152160645,2.8059961795806885,2.0896146297454834,-1.443961501121521,1.3530904054641724,1.0929136276245117
WMB,-0.2838802635669708,0.6822398900985718,-3.1347849369049072,-0.7223652005195618,1.431848168373108,-0.8594188690185547,2.443452835083008,-0.04376760125160217,0.35222509503364563
WMT,-1.4597437381744385,1.6065276861190796,-1.2687063217163086,2.5901825428009033,0.23746249079704285,1.1733118295669556,1.4634699821472168,0.34473875164985657,2.165778398513794
WRB,1.0033912658691406,0.3987118601799011,0.5450612902641296,0.5729486346244812,1.7886191606521606,-1.8684091567993164,2.550413131713867,-0.19765938818454742,0.8022356629371643
WST,1.30604887008667,-1.0014073848724365,-0.6029202938079834,-2.064906358718872,0.26069948077201843,-0.6833667159080505,2.356144905090332,1.3404228687286377,1.1256458759307861
WU,1.895106315612793,0.33277058601379395,2.0568056106567383,-2.0225088596343994,0.13227657973766327,-1.4293642044067383,2.8492026329040527,0.33957570791244507,0.9230349659919739
WWE,-2.2317910194396973,1.6529996395111084,-0.32318115234375,0.6588910222053528,1.957733392715454,0.8513399958610535,-3.956202268600464,2.0703182220458984,0.9991787672042847
WYNN,0.9042516350746155,1.6824854612350464,-0.36590397357940674,-1.1488012075424194,1.5647915601730347,0.13858449459075928,-3.657987594604492,-0.5063336491584778,3.4570348262786865
XEC,-0.7153485417366028,-0.1560247391462326,-2.7571592330932617,0.25598880648612976,2.208261251449585,-0.5606719255447388,1.2021456956863403,0.7137221693992615,-0.055756907910108566
XEL,-0.5337386131286621,0.23782368004322052,0.032731615006923676,0.4795202314853668,1.1260793209075928,2.5318000316619873,-0.21130311489105225,2.021613359451294,-0.7505216598510742
XLNX,0.017933236435055733,0.25179699063301086,-0.7245953679084778,-0.07132777571678162,0.8823763728141785,-2.1248133182525635,0.4591101408004761,1.440553069114685,2.2911181449890137
XOM,-0.3423028886318207,-0.898568868637085,-3.529503583908081,0.3035891652107239,2.3630435466766357,-0.2619834244251251,0.9549371004104614,1.044327735900879,0.1558784693479538
XRAY,1.2674672603607178,-1.0129073858261108,-0.5638790130615234,-1.9863300323486328,0.2316945493221283,-0.6328901052474976,2.053083896636963,1.199310302734375,1.1655112504959106
XRX,3.395641565322876,0.13570144772529602,1.3403493165969849,0.11128536611795425,0.662821352481842,-3.051142454147339,-0.07690786570310593,1.923783779144287,1.4015198945999146
YORW,-2.8307511806488037,1.0468754768371582,0.30546772480010986,-1.3547108173370361,2.2154762744903564,3.2388172149658203,1.168326735496521,-0.4005626142024994,-0.7527938485145569
YUM,-1.0376306772232056,1.6922162771224976,-0.031012756749987602,-1.4548115730285645,1.91943359375,2.3821520805358887,-0.5472372770309448,-1.8775876760482788,0.6168957948684692
ZBH,0.46035754680633545,0.0959990844130516,-0.28042903542518616,0.16114909946918488,0.20017656683921814,0.46836161613464355,0.9624177813529968,1.1531654596328735,-0.1100020781159401
