Company,Embedding_Dim0,Embedding_Dim1,Embedding_Dim2,Embedding_Dim3,Embedding_Dim4,Embedding_Dim5,Embedding_Dim6
A,-0.5058919191360474,1.2037829160690308,-0.1975141167640686,-2.2651963233947754,0.16151247918605804,1.0153470039367676,2.610889196395874
AAL,-0.5692954063415527,2.99711275100708,0.6211314797401428,3.5605828762054443,-0.7371546030044556,-1.0134462118148804,0.6352819204330444
AAP,-1.1673998832702637,1.485060453414917,-1.8545979261398315,1.4459432363510132,-3.147966146469116,-2.8220694065093994,0.18771274387836456
AAPL,-0.04729045554995537,-0.9847784638404846,0.44482970237731934,-1.761579990386963,0.012123281136155128,-4.256260395050049,1.1020512580871582
ABC,0.44457340240478516,2.4664881229400635,0.8711400032043457,-0.7948602437973022,-2.051964044570923,2.1275413036346436,0.29360267519950867
ABMD,-0.46759095788002014,0.797668993473053,0.3820093274116516,-0.6793590188026428,-0.4468172788619995,0.4650079607963562,0.48313599824905396
ABT,-0.360263854265213,0.8855491876602173,0.5107652544975281,-0.7774060964584351,-0.5072208046913147,0.5796573162078857,0.47581326961517334
ACN,-0.48882511258125305,-0.41843879222869873,-0.46351686120033264,0.04243171960115433,0.37491145730018616,-1.2864235639572144,0.7734199166297913
ADBE,-1.080232858657837,-1.4453725814819336,2.4971792697906494,3.4472343921661377,0.8840343952178955,-4.494401454925537,0.6328229308128357
ADI,-0.5167202949523926,-0.03756202012300491,1.6182026863098145,-0.3078022599220276,-0.13445903360843658,-3.4337351322174072,-0.2558472454547882
ADM,-0.7806262969970703,-0.5100698471069336,-0.1852671056985855,-0.2826201319694519,-2.010870933532715,2.574476957321167,2.934676170349121
ADP,1.2476965188980103,-0.8310708999633789,-0.498755544424057,-1.0190998315811157,0.41664740443229675,-2.1044108867645264,3.1661031246185303
ADS,-1.156433343887329,-0.9955245852470398,1.2026814222335815,1.19785475730896,1.4688400030136108,-2.3371458053588867,1.3657184839248657
ADSK,2.2537426948547363,1.6331905126571655,1.934612512588501,1.2591596841812134,-1.3905967473983765,-4.049043655395508,-0.18953895568847656
AEE,0.37206509709358215,0.10335051268339157,2.7928099632263184,2.050910472869873,-0.28911200165748596,0.5928545594215393,0.666667103767395
AEP,-0.3382921814918518,0.40471792221069336,2.969860315322876,2.1416940689086914,0.4169166684150696,0.35611826181411743,0.6827729344367981
AES,0.4060271680355072,0.9829270839691162,4.764664649963379,2.960383653640747,-1.1207820177078247,1.111809253692627,0.06943589448928833
AFL,-0.3873303532600403,3.7156546115875244,-0.1279550939798355,-1.896431565284729,0.19842612743377686,2.3832437992095947,1.7775907516479492
AGI,1.8889491558074951,-0.30388012528419495,-0.25854700803756714,0.8224881291389465,-3.780672073364258,-0.8695899844169617,1.4738420248031616
AIG,0.004818044602870941,4.984936237335205,-2.0986862182617188,-0.19680124521255493,1.1369155645370483,-0.3517548441886902,3.416443109512329
AIZ,0.040719687938690186,4.797455310821533,-2.1390299797058105,-0.16685189306735992,1.061912178993225,-0.4662133455276489,3.368009090423584
AJG,0.5431735515594482,4.158227920532227,-2.3146257400512695,-0.005803774110972881,0.8129395246505737,-0.15078096091747284,4.19306755065918
AKAM,-0.31730201840400696,-1.2926225662231445,-0.5630478858947754,-2.867802143096924,0.4589442014694214,-4.019539833068848,3.713801145553589
ALB,-0.19776901602745056,0.5633928775787354,0.8026805520057678,-1.102356195449829,-2.3201749324798584,-0.3892918527126312,-0.36728984117507935
ALGN,-0.10163071751594543,1.740404725074768,0.9873161911964417,-2.552825927734375,-1.769640564918518,0.8815474510192871,0.22149883210659027
ALK,-0.5255350470542908,3.030902862548828,0.5378335118293762,3.578457832336426,-0.768929123878479,-0.9831345677375793,0.6364054679870605
ALL,1.3679656982421875,2.086667776107788,-0.2398214489221573,-0.8531856536865234,1.2675771713256836,-0.6265977025032043,3.0361034870147705
ALXN,-0.02652101032435894,3.4368181228637695,0.8546942472457886,0.8381364345550537,0.8582813739776611,1.618188738822937,1.8049592971801758
AMAT,-0.4672742187976837,0.09937635064125061,1.9101547002792358,-0.6013116240501404,-0.21017275750637054,-4.363011837005615,-0.2515821158885956
AMD,-0.5116265416145325,0.022738885134458542,1.6958062648773193,-0.33444860577583313,-0.21836403012275696,-3.5471904277801514,-0.2867166996002197
AME,-2.1377980709075928,0.7815684080123901,2.908879280090332,1.291037678718567,-2.1283628940582275,1.6804068088531494,-1.5889264345169067
AMGN,-0.0096613559871912,3.330326795578003,0.8459992408752441,0.8574493527412415,0.839883029460907,1.473732829093933,1.7774255275726318
AMP,1.3476173877716064,2.500340700149536,-0.48058027029037476,-1.581528663635254,-3.2553842067718506,-1.352590799331665,0.18153294920921326
AMX,-2.2394890785217285,-1.8864802122116089,0.45277541875839233,-0.9549081325531006,1.6051667928695679,-3.469120740890503,2.6319594383239746
AMZN,-1.743040919303894,-1.0657291412353516,0.7408097386360168,0.8244684934616089,1.426558256149292,-1.579232096672058,1.2547554969787598
ANSS,2.2599267959594727,1.5970193147659302,1.8302695751190186,1.2054704427719116,-1.2956386804580688,-3.972174882888794,-0.1303071677684784
ANTM,0.09169203788042068,2.3656809329986572,1.21748685836792,-2.0122687816619873,-1.9771981239318848,1.1921461820602417,-0.09956380724906921
AOS,2.2704076766967773,1.3149340152740479,3.070624351501465,-0.632300615310669,0.846045732498169,-1.195363998413086,0.7185924053192139
APD,0.26272061467170715,-1.2277418375015259,4.315953731536865,-1.707732915878296,-4.17214822769165,1.3984065055847168,-0.12995338439941406
APH,-2.9059503078460693,-4.753289222717285,0.01213841512799263,0.5836236476898193,-0.326943039894104,-3.8435237407684326,1.690231204032898
ARTNA,-0.17243033647537231,1.5597755908966064,-0.13689471781253815,1.676683783531189,-3.98307466506958,2.4105064868927,0.9452432990074158
ASH,-0.046540722250938416,0.453673392534256,0.8542946577072144,-0.903840959072113,-2.085878372192383,-0.44778454303741455,-0.3305968940258026
ATNI,-2.3362555503845215,-1.5762358903884888,2.297438859939575,0.7286071181297302,2.2173094749450684,-1.4788520336151123,1.9066697359085083
ATO,1.111227035522461,-0.8384165167808533,5.766836166381836,1.333695888519287,-2.426759719848633,0.7096941471099854,-0.6081426739692688
ATVI,-1.2780368328094482,-0.12087089568376541,-0.2533639073371887,1.745420217514038,0.5995767712593079,-3.4836156368255615,0.7767838835716248
AUY,1.8098886013031006,-0.27064019441604614,-0.2551265358924866,0.9057651162147522,-3.650766372680664,-0.7843350768089294,1.4259588718414307
AVGO,-0.5875793695449829,-0.06186850368976593,1.578705906867981,-0.33257877826690674,-0.11217815428972244,-3.3305087089538574,-0.23969632387161255
AVY,0.1538962572813034,0.5842577219009399,0.4196886420249939,-0.8309493064880371,-1.454601764678955,-0.5929704308509827,-0.09067075699567795
AWK,-0.13222625851631165,1.5568363666534424,-0.12671692669391632,1.7232786417007446,-3.925511598587036,2.4933624267578125,0.9935399889945984
AZO,-0.721463680267334,1.25785493850708,-1.7942906618118286,0.5387272834777832,-2.6465110778808594,-3.42266845703125,0.10898014158010483
BA,-1.1087043285369873,2.758495569229126,1.0963881015777588,2.0736348628997803,1.0403724908828735,-1.8212790489196777,0.7879593372344971
BAX,-0.46180543303489685,0.8605732321739197,0.5292845368385315,-0.8559132814407349,-0.5364716649055481,0.5591038465499878,0.5093389749526978
BBL,2.6983792781829834,-0.9648488759994507,0.6869301795959473,-0.6213470697402954,-3.4403483867645264,-0.780025064945221,2.065298080444336
BCPC,-0.41816189885139465,0.5507702231407166,0.812147855758667,-1.1390796899795532,-2.191936492919922,-0.46393516659736633,-0.36500999331474304
BDX,-0.4342228174209595,0.8059055209159851,0.5480678677558899,-0.7106675505638123,-0.5066089630126953,0.47359758615493774,0.4443182647228241
BEN,1.2744084596633911,2.5356638431549072,-0.552923321723938,-1.5641411542892456,-3.33506441116333,-1.1317366361618042,0.18241505324840546
BF.B,-1.0918058156967163,-0.03061152994632721,-1.6347023248672485,-0.9646965265274048,0.9714094996452332,-0.18768280744552612,5.71347713470459
BG,-1.0945760011672974,-0.3912695646286011,0.047398339956998825,-1.0022995471954346,-1.6652394533157349,3.2418694496154785,3.489886522293091
BGS,-0.08772151172161102,0.5166919231414795,-0.6068799495697021,0.7598404288291931,-1.5109084844589233,1.4423717260360718,2.040168285369873
BIDU,-5.037365436553955,-1.9918841123580933,0.8277790546417236,0.8001546859741211,-0.308139830827713,-3.3314926624298096,-0.014929738827049732
BIIB,0.011083977296948433,3.443708658218384,0.8052857518196106,0.8074715733528137,0.8373274207115173,1.5341334342956543,1.804624319076538
BIP,0.3853578269481659,0.11147283017635345,2.7698795795440674,2.115952491760254,-0.33352452516555786,0.6250717639923096,0.7583350539207458
BKNG,-2.6958727836608887,1.1021150350570679,-1.9855443239212036,3.5180771350860596,-1.2161563634872437,-0.5259225964546204,2.1077380180358887
BLK,1.3103995323181152,2.4772112369537354,-0.4304528832435608,-1.6670156717300415,-3.2645206451416016,-1.4430943727493286,0.08529450744390488
BLL,-0.8120185732841492,1.088778018951416,1.8010683059692383,0.053957968950271606,1.2816890478134155,-1.7925316095352173,0.43078720569610596
BMY,-0.1204569935798645,3.3834524154663086,0.8417892456054688,0.7742988467216492,0.8998497724533081,1.507080316543579,1.8087964057922363
BP,-0.4307580292224884,1.3961811065673828,1.9607069492340088,-1.737478256225586,-3.620356559753418,-0.875527560710907,-1.585668921470642
BR,0.6205287575721741,3.1506659984588623,-1.745111346244812,-2.2098073959350586,-0.2561451196670532,-1.7404375076293945,1.6602375507354736
BRK.B,3.987769842147827,5.8895440101623535,-2.352109432220459,2.7064290046691895,-1.2985060214996338,-2.8387954235076904,3.7876265048980713
BSX,-0.39018183946609497,0.8889615535736084,0.4072800874710083,-0.7817642688751221,-0.5428354740142822,0.6186765432357788,0.6742972135543823
BTI,-4.7356791496276855,1.0531585216522217,-1.2995837926864624,-2.856714963912964,-1.9206931591033936,1.2820250988006592,2.4627363681793213
BWA,0.18279433250427246,2.8039863109588623,-5.314331531524658,2.5806496143341064,-5.207363128662109,-7.3707499504089355,2.5876307487487793
CAG,-0.0910811498761177,0.5557428002357483,-0.6314330101013184,0.6691997051239014,-1.5334630012512207,1.4531452655792236,2.119194269180298
CAH,0.3716408312320709,2.33134126663208,0.8214863538742065,-0.6672932505607605,-2.013970136642456,2.1189210414886475,0.3663862645626068
CASY,-2.7289023399353027,2.4478936195373535,-2.3619751930236816,-0.5340433120727539,-0.8531463742256165,2.029240131378174,3.2800185680389404
CAT,2.092926502227783,1.8207149505615234,3.3474717140197754,0.3604834973812103,0.9084746837615967,-1.547646403312683,0.28203144669532776
CB,1.1146835088729858,1.838507056236267,-0.036717064678668976,-0.8850353360176086,1.3462543487548828,-0.5353356599807739,2.8290393352508545
CCK,-0.7291340231895447,1.0690048933029175,1.7004024982452393,0.05753723159432411,1.1861708164215088,-1.7668737173080444,0.4026268720626831
CCL,-2.751976251602173,2.1738479137420654,-2.2628278732299805,2.963059902191162,-0.7991565465927124,-1.9659013748168945,2.0438570976257324
CCOI,-2.4765357971191406,-3.8064117431640625,2.014373779296875,-1.9213356971740723,1.4511210918426514,-3.0288021564483643,3.055015802383423
CDNS,-0.18427182734012604,0.0881103128194809,1.7213232517242432,1.1002734899520874,0.17666055262088776,-4.75608491897583,0.10382450371980667
CE,-0.15496979653835297,0.6611660122871399,0.8041819334030151,-1.2227487564086914,-2.286134958267212,-0.5138679146766663,-0.32972756028175354
CENT,1.4705133438110352,-0.06866234540939331,0.8696854710578918,-1.324228286743164,0.9084303379058838,1.1244183778762817,4.467417240142822
CERN,1.594974398612976,2.800171136856079,1.5409364700317383,-3.753603935241699,-3.3791325092315674,2.9972851276397705,1.703373908996582
CF,-0.6111815571784973,-0.8547720313072205,-0.03630892559885979,-0.40210235118865967,-2.589709997177124,3.0958597660064697,3.659975051879883
CHD,1.7595373392105103,0.4703695476055145,1.3837591409683228,-1.0095008611679077,1.3013004064559937,-0.5442696809768677,3.2060539722442627
CHRW,-0.24012719094753265,3.8692140579223633,2.153770923614502,2.2301859855651855,-0.7535373568534851,-0.3642684519290924,-0.5956355929374695
CI,-1.4639863967895508,1.505764126777649,-0.14168401062488556,-2.01011061668396,-1.236127257347107,1.3277968168258667,1.164498209953308
CINF,1.3753777742385864,2.065549850463867,-0.18654422461986542,-0.8837964534759521,1.3384212255477905,-0.5112539529800415,3.0593130588531494
CL,1.0562551021575928,0.06739237904548645,2.055528163909912,-0.3859175443649292,2.2010326385498047,-0.7942086458206177,3.7190544605255127
CLNE,-0.6433390378952026,2.201312780380249,0.601772665977478,1.9087804555892944,-3.544826030731201,-0.7749922871589661,-1.0862501859664917
CLPHY,-0.3226664364337921,0.33455950021743774,3.0250136852264404,2.0704617500305176,0.37183284759521484,0.392380952835083,0.6279619932174683
CLX,1.6674795150756836,0.5082561373710632,1.2209736108779907,-0.9184138178825378,1.259333610534668,-0.5482998490333557,3.050347328186035
CMC,2.4250504970550537,-0.5260935425758362,0.4052170515060425,-0.2019277811050415,-2.890683889389038,-0.6404548287391663,1.805182695388794
CMCL,1.9996968507766724,-0.40083253383636475,-0.19449105858802795,0.7754014730453491,-3.714012861251831,-0.9382780194282532,1.5429338216781616
CMCSA,-4.185887336730957,-2.0287671089172363,-1.598820447921753,-2.0937371253967285,-0.1044669821858406,-1.7524806261062622,3.360501289367676
CME,1.7629985809326172,1.2834429740905762,-1.2202107906341553,-0.2953304946422577,-1.5686891078948975,-1.7649043798446655,1.5904197692871094
CMG,-0.6266482472419739,1.526786208152771,-1.4820475578308105,1.90129816532135,-2.050283670425415,1.1393998861312866,2.360809803009033
CMI,2.124619960784912,1.670958399772644,3.266118288040161,0.35649287700653076,0.8794857859611511,-1.3546026945114136,0.28036797046661377
CMS,0.2688452899456024,0.07782966643571854,2.741063117980957,2.1249160766601562,-0.24222783744335175,0.5929244160652161,0.7743803858757019
CNC,0.1714172065258026,2.401097536087036,1.1713743209838867,-1.8647332191467285,-1.767174482345581,1.0654001235961914,-0.12099332362413406
CNK,-4.048363208770752,-1.0950944423675537,-2.45503830909729,-0.08271479606628418,-2.0107433795928955,-0.7730191946029663,2.4916515350341797
CNP,0.34683623909950256,0.11618183553218842,2.937544584274292,2.146162986755371,-0.2843531668186188,0.5771506428718567,0.695414125919342
CNX,-0.26217859983444214,-0.10702952742576599,1.9448562860488892,0.2226957231760025,-3.2524921894073486,-0.10712500661611557,-0.8496396541595459
COG,-0.27030572295188904,-0.0587272047996521,1.9337592124938965,0.17800651490688324,-3.3643391132354736,-0.14197278022766113,-0.8981434106826782
COO,-0.09118681401014328,1.781595230102539,1.27322256565094,-2.5067670345306396,-1.7867546081542969,0.8658879995346069,0.09620510041713715
COP,-0.20739799737930298,-0.1197456642985344,1.9271355867385864,0.15384989976882935,-3.1810028553009033,-0.07065252959728241,-0.789948582649231
COST,-2.718372106552124,1.4873406887054443,-1.0535136461257935,1.3485519886016846,0.3262529671192169,2.0669589042663574,3.793290853500366
CPB,-0.05640280619263649,0.455651193857193,-0.7335683107376099,0.7861116528511047,-1.6091057062149048,1.3608074188232422,2.216243028640747
CPE,-0.197895348072052,-0.11383019387722015,1.9827443361282349,0.15870511531829834,-3.2750136852264404,-0.06230471283197403,-0.7836780548095703
CPRT,-1.8934093713760376,1.655501127243042,1.1744643449783325,-0.36458146572113037,1.3156001567840576,-2.003657817840576,0.5697047710418701
CPYYY,0.43701282143592834,0.13063780963420868,2.9694015979766846,2.265282154083252,-0.346018522977829,0.5911301970481873,0.789396345615387
CRM,-1.7023651599884033,-0.577555239200592,1.1668378114700317,1.9630005359649658,2.1142773628234863,-4.707447052001953,1.7597286701202393
CSCO,-2.421255111694336,-4.024637699127197,-0.26612570881843567,0.6122313737869263,-0.17958420515060425,-3.2960574626922607,1.8344175815582275
CSX,-0.48389139771461487,2.119199514389038,-0.8394386172294617,2.989863395690918,-2.4749228954315186,-1.838296890258789,0.3474579155445099
CTAS,-1.9665894508361816,1.6844351291656494,1.178168773651123,-0.2863629162311554,1.3344597816467285,-2.1034984588623047,0.5691642165184021
CTL,-2.1969096660614014,-3.0155670642852783,0.5987662076950073,-1.58729887008667,1.5798137187957764,-2.944147825241089,3.54644775390625
CTSH,-0.44103315472602844,0.10765612125396729,-0.6320033073425293,-0.7904080152511597,0.05115993693470955,-0.6816097497940063,0.6828430891036987
CTXS,-0.4425194561481476,-0.16396676003932953,1.3744721412658691,1.1414700746536255,2.3922698497772217,-4.698174476623535,2.3522121906280518
CVS,-1.2433212995529175,1.5857512950897217,-0.38874489068984985,-2.055236577987671,-1.1005862951278687,1.1073626279830933,1.3096202611923218
CVX,-0.35939550399780273,0.3918198049068451,2.2464540004730225,-0.18260806798934937,-3.790923595428467,-0.07361520826816559,-1.1374397277832031
CWCO,-0.21631385385990143,1.5506240129470825,-0.06258919835090637,1.7248209714889526,-3.8462140560150146,2.433136463165283,0.9153392910957336
CXO,-0.16504204273223877,-0.0410568043589592,2.011276960372925,0.15243098139762878,-3.321960210800171,-0.04480315372347832,-0.8529995083808899
DAL,-0.435483455657959,3.1261439323425293,0.5972788333892822,3.6414406299591064,-0.7478216290473938,-1.0358364582061768,0.6769381165504456
DAR,-0.8108351826667786,-0.37277287244796753,-0.13336342573165894,-0.7044385671615601,-1.32660710811615,2.918954372406006,3.787814140319824
DE,-0.6660470962524414,-1.2255487442016602,-0.38751640915870667,-0.6758276224136353,-3.64449405670166,3.2369518280029297,4.124115467071533
DEO,-0.7116196155548096,-0.036086466163396835,-1.2261873483657837,-0.24096959829330444,1.346462607383728,-0.20994232594966888,5.873491287231445
DGICA,1.2278212308883667,2.0327491760253906,-0.16279639303684235,-0.8991767764091492,1.3121355772018433,-0.5707159042358398,3.017184257507324
DGX,-1.449110984802246,1.5675170421600342,-0.13670331239700317,-2.1039376258850098,-1.1786171197891235,1.255716323852539,1.1887098550796509
DHI,2.6422035694122314,1.9072248935699463,2.5931737422943115,-0.5401996374130249,0.7012059092521667,-1.1022157669067383,0.7272804975509644
DHR,-0.41354840993881226,0.9095291495323181,0.3833194077014923,-0.7889642715454102,-0.5083882212638855,0.41693115234375,0.5263236165046692
DIS,-4.5078043937683105,-1.5538244247436523,-1.403383493423462,-0.8781410455703735,-0.541310727596283,-0.9303881525993347,2.487239360809326
DISCA,-4.831366539001465,-1.6317650079727173,-0.38700544834136963,-0.22363832592964172,0.2816227078437805,-1.0072977542877197,2.248765707015991
DISH,-4.097616195678711,-1.4498931169509888,-1.0442416667938232,-0.43748462200164795,0.43900638818740845,-1.7441290616989136,2.8196213245391846
DLTR,-1.8803702592849731,3.5301711559295654,-1.644109845161438,1.208928108215332,-0.7556794285774231,2.109565496444702,2.6908559799194336
DOV,-0.05517300218343735,0.5270246267318726,0.36746469140052795,0.2181558459997177,-0.4491853713989258,-0.31633949279785156,0.33058175444602966
DPZ,-0.5746345520019531,1.6695919036865234,-1.4942883253097534,1.962197184562683,-2.143794298171997,1.2113505601882935,2.443150520324707
DRI,-0.3997403681278229,1.5455571413040161,-1.3996771574020386,1.767465353012085,-2.0034775733947754,1.2770746946334839,2.3480396270751953
DTE,0.3524048924446106,0.2132243812084198,2.9309799671173096,2.238845109939575,-0.21323494613170624,0.5649386644363403,0.6805257201194763
DUK,-0.3589995801448822,0.3858877718448639,2.9938948154449463,2.1226189136505127,0.4441410303115845,0.3135487139225006,0.6673533916473389
DVA,-1.290544867515564,1.5186721086502075,-0.2863975167274475,-2.1015312671661377,-1.245331048965454,1.1277095079421997,1.23819899559021
DVN,-0.2607332766056061,-0.0511435829102993,1.7893950939178467,0.12517866492271423,-3.221290111541748,-0.15883883833885193,-0.8192543387413025
DXCM,-0.4662039279937744,0.9792017936706543,0.4944799840450287,-0.8556738495826721,-0.634743869304657,0.6692584753036499,0.5396212339401245
EA,-4.372654914855957,-1.2146897315979004,0.08826689422130585,1.7820717096328735,0.12545931339263916,-3.293346881866455,0.7066709399223328
EBAY,-2.828333854675293,-1.2732155323028564,1.9239896535873413,3.209632635116577,0.5088412165641785,-1.7128229141235352,0.9671758413314819
ECL,-0.24372275173664093,0.6271107196807861,0.7321786880493164,-1.2017712593078613,-2.3508307933807373,-0.4472842216491699,-0.3499443233013153
ED,0.3037309944629669,0.11427115648984909,2.8985390663146973,2.171363115310669,-0.3234344720840454,0.6447877883911133,0.7124581933021545
EFX,0.09532876312732697,0.04120167717337608,-0.7650324106216431,-2.9546966552734375,-3.164376974105835,-2.589224338531494,1.251117467880249
EIG,1.3368308544158936,2.111454486846924,-0.33050450682640076,-0.8626923561096191,1.243660569190979,-0.6809085607528687,3.021228075027466
EIX,-0.33281081914901733,0.37830495834350586,2.9787514209747314,2.151008129119873,0.46576541662216187,0.3021777868270874,0.7289772033691406
EL,-0.42437323927879333,-0.7524083852767944,3.1908986568450928,0.4615603983402252,2.3030805587768555,0.23220066726207733,3.269773244857788
ELP,-0.37457260489463806,0.39722925424575806,2.9222495555877686,2.1076550483703613,0.4396291971206665,0.3377847969532013,0.6233519315719604
EMN,-2.3663578033447266,0.3984438478946686,0.86898273229599,-3.714289903640747,-0.6096137166023254,-2.515824794769287,0.8253313899040222
EMR,-2.0589282512664795,0.9285191297531128,3.0837113857269287,1.051781177520752,-2.1059813499450684,1.9976511001586914,-1.7270185947418213
ENIA,-0.33514270186424255,0.4156602621078491,3.092444658279419,2.117661476135254,0.41130530834198,0.3072183430194855,0.5816588997840881
EOG,-0.16533008217811584,-0.07699648290872574,1.938023567199707,0.09099297225475311,-3.1948328018188477,-0.0639381855726242,-0.7668343782424927
EONGY,0.32303500175476074,0.06836806982755661,2.8557839393615723,2.252495288848877,-0.276908278465271,0.637725293636322,0.7950519919395447
EPD,0.07342658191919327,1.8154964447021484,2.791966438293457,0.613179624080658,-2.95198130607605,-0.07816820591688156,-1.5759227275848389
EQT,-0.3503786027431488,-0.0042671761475503445,1.971051573753357,0.20666474103927612,-3.420286178588867,-0.0587577186524868,-0.870208740234375
ERF,-0.18127940595149994,-0.07786381989717484,1.9520349502563477,0.1832229495048523,-3.277843952178955,-0.10001267492771149,-0.7945491075515747
ES,-0.4698185920715332,0.5539624094963074,3.1515285968780518,2.1902174949645996,0.46933016180992126,0.26604029536247253,0.5969271063804626
ETR,-0.32999271154403687,0.40841203927993774,2.984260082244873,2.1617753505706787,0.547053873538971,0.23779083788394928,0.6994693279266357
EW,-0.4088176190853119,0.8884176015853882,0.450066477060318,-0.7243106365203857,-0.5197330713272095,0.53928142786026,0.48826685547828674
EXC,-0.4223715662956238,0.4284627139568329,2.9871551990509033,2.1215875148773193,0.42731529474258423,0.35423749685287476,0.6265438199043274
EXPD,-0.21091671288013458,3.728214740753174,2.067910671234131,2.260564088821411,-0.8184165358543396,-0.38161489367485046,-0.5484258532524109
EXPE,-3.131481647491455,0.2502448260784149,-0.14923837780952454,3.4677445888519287,-0.12068305909633636,-1.7467490434646606,0.9045357704162598
F,-2.294980525970459,1.7587758302688599,-2.2559475898742676,2.3920514583587646,-3.898940324783325,-3.4711711406707764,0.06132819131016731
FAST,1.310804009437561,-0.8747149109840393,0.8955691456794739,-0.8202503323554993,-0.6150709390640259,0.1497257500886917,2.152665853500366
FCX,2.8883020877838135,-0.6060314774513245,0.7409479022026062,-0.617508053779602,-3.433607816696167,-0.6047881841659546,2.1385231018066406
FDP,-0.7959098219871521,-0.6184689998626709,-0.5582300424575806,-0.9529308676719666,-3.0098190307617188,2.3453264236450195,2.489420175552368
FDS,1.707283616065979,1.2104804515838623,-0.9817189574241638,-0.14776185154914856,-1.5133543014526367,-1.7199205160140991,1.3322738409042358
FDX,-0.24080073833465576,3.773766040802002,2.190518379211426,2.1932880878448486,-0.811257541179657,-0.4055982530117035,-0.5953332781791687
FE,-0.30671626329421997,0.3878737688064575,2.9866278171539307,2.0389671325683594,0.41709303855895996,0.32180073857307434,0.6754651665687561
FFIV,-0.7499028444290161,-0.8507875204086304,-0.8064509034156799,-0.31676796078681946,0.9434831142425537,-3.9826102256774902,2.9232308864593506
FIS,0.7249241471290588,3.168931245803833,-1.7130296230316162,-2.1337199211120605,-0.3940123915672302,-1.6355000734329224,1.5719724893569946
FISV,0.5234988927841187,3.2256720066070557,-1.938976526260376,-2.1173791885375977,-0.5570815205574036,-1.6151142120361328,1.5266704559326172
FIZZ,0.0984637513756752,0.6744689345359802,-0.7855010628700256,0.7830636501312256,-2.0172781944274902,1.7466078996658325,2.408519744873047
FLIR,0.20430408418178558,-0.08486167341470718,2.1236066818237305,-0.9982839226722717,-1.1888096332550049,-5.953897476196289,-0.3581276535987854
FLO,0.07310747355222702,0.5968495607376099,-0.7508217096328735,0.8095457553863525,-1.6330595016479492,1.466044545173645,2.2858569622039795
FLS,-0.02196335233747959,0.4626906216144562,0.3884192705154419,0.3237759470939636,-0.45063599944114685,-0.3339383900165558,0.3699152171611786
FMC,-0.7731841206550598,-0.8383884429931641,0.02135463058948517,-0.44225969910621643,-2.38075852394104,3.0215702056884766,3.4950108528137207
FNF,1.3170121908187866,2.00294828414917,-0.29494553804397583,-0.8743598461151123,1.2041666507720947,-0.557811439037323,2.990504264831543
FSI,-0.1539553850889206,0.45629429817199707,0.8435319066047668,-1.1189677715301514,-2.1628832817077637,-0.4907030761241913,-0.30155766010284424
FSM,2.1186039447784424,-0.3868087828159332,-0.3654400408267975,0.9077924489974976,-4.4674973487854,-1.094984769821167,1.7419793605804443
GASS,-0.40078219771385193,3.067263603210449,1.0683374404907227,1.889876365661621,-3.1487324237823486,-0.8813104033470154,-1.3334048986434937
GD,-1.1036720275878906,2.6671650409698486,1.1415067911148071,2.062394380569458,1.064080834388733,-1.818117618560791,0.8109886050224304
GE,0.5113554000854492,0.4343913495540619,1.2792872190475464,0.796146810054779,-1.6589287519454956,-0.6590251922607422,-0.3893190622329712
GILD,-0.1346697062253952,3.256011724472046,0.8273736834526062,0.8629163503646851,0.8836573362350464,1.4240894317626953,1.7391399145126343
GIS,-0.030929116532206535,0.6033046245574951,-0.6522848010063171,0.695786714553833,-1.5076773166656494,1.4800885915756226,2.092343330383301
GL,-0.33378177881240845,3.626932382583618,-0.08970701694488525,-1.65957510471344,0.188844695687294,2.5082225799560547,1.7523407936096191
GLP,-0.20198537409305573,2.383702278137207,1.441831350326538,1.5208802223205566,-3.2436788082122803,-0.9976751208305359,-1.4171087741851807
GLUU,-4.708963394165039,-1.1361749172210693,-0.6815631985664368,0.3177848160266876,-0.9647261500358582,-4.3056511878967285,0.2955588102340698
GLW,-2.0942420959472656,-1.7020280361175537,1.5217033624649048,-0.2924903631210327,-0.7315967679023743,-4.523401260375977,-0.2726858854293823
GOOGL,-2.589278221130371,-1.8476890325546265,0.5084589719772339,-0.003226575907319784,0.2491263896226883,-4.0339837074279785,0.5209785103797913
GPC,-0.3186552822589874,1.0713084936141968,-1.9148122072219849,0.00018778177036438137,-2.7756004333496094,-4.621540069580078,0.36266982555389404
GPK,0.17105519771575928,0.5700300931930542,0.4351951479911804,-0.7260527014732361,-1.3951385021209717,-0.5552706122398376,-0.08611587435007095
GPN,0.5793574452400208,3.06012225151062,-1.857122778892517,-2.266404151916504,-0.5088145732879639,-1.6253668069839478,1.7264659404754639
GPRE,-0.4468167722225189,2.2659342288970947,0.8019538521766663,1.9009194374084473,-3.351349353790283,-0.7181854248046875,-1.1496721506118774
GPS,1.2281513214111328,-2.7619760036468506,5.095213890075684,-1.7885557413101196,0.2897437512874603,-3.141782522201538,0.8398163318634033
GRMN,2.775506019592285,-6.218824863433838,7.263566017150879,1.333118200302124,0.9957193732261658,-4.611312389373779,2.780087471008301
GSS,1.7524431943893433,-0.38065221905708313,-0.33238154649734497,0.766339898109436,-3.750808000564575,-0.9325217008590698,1.4664758443832397
GTN,-4.3183207511901855,-1.2534639835357666,-0.6433987617492676,-0.03918171301484108,0.2663860619068146,-1.4916942119598389,2.0965774059295654
GWW,1.3265379667282104,-0.8623867034912109,0.9275612831115723,-0.8647334575653076,-0.6214253902435303,0.23343472182750702,2.2554848194122314
HAIN,0.0210473220795393,0.5281887054443359,-0.7097154259681702,0.7589714527130127,-1.56696617603302,1.352597713470459,2.109889507293701
HAL,-0.42421936988830566,-0.20890921354293823,2.011977434158325,0.19394968450069427,-3.854689121246338,0.06918376684188843,-0.8758476972579956
HAS,-7.128758907318115,0.6720917224884033,-0.5023863315582275,2.5392401218414307,1.0930532217025757,-1.4056514501571655,2.4178075790405273
HBI,-0.7570027709007263,-0.7823808789253235,4.139832496643066,-1.3572620153427124,0.001884679775685072,-1.0251381397247314,-0.21965743601322174
HD,2.1882164478302,0.9940762519836426,4.097965717315674,-2.271768569946289,1.031451940536499,-0.8470639586448669,1.3299436569213867
HES,-0.1959700584411621,-0.12232617288827896,1.972471833229065,0.10489994287490845,-3.136669397354126,-0.039880894124507904,-0.8075265884399414
HFC,-0.5723738670349121,2.3274757862091064,0.8378473520278931,1.9845610857009888,-3.5397121906280518,-0.699810266494751,-1.177411675453186
HHS,-3.333463191986084,-5.973706245422363,3.4473652839660645,3.3859143257141113,-0.24179710447788239,-2.074841260910034,1.6000981330871582
HIG,-0.1987294852733612,4.796085357666016,-2.1245687007904053,-0.40399208664894104,1.0620641708374023,-0.29139024019241333,3.411728858947754
HLF,1.1300997734069824,0.37218722701072693,1.381759762763977,1.8517271280288696,-0.31268754601478577,2.36415958404541,3.478562593460083
HOG,-1.6872307062149048,1.766552209854126,-2.6242337226867676,1.7494076490402222,-4.005005359649658,-3.6065139770507812,0.3460850417613983
HOLX,-0.45779579877853394,0.9660140872001648,0.4283677041530609,-0.8616780042648315,-0.4928475022315979,0.621120035648346,0.5600957274436951
HON,0.4722808003425598,0.4096866250038147,1.2272511720657349,0.7744635939598083,-1.613083839416504,-0.6295135021209717,-0.36428236961364746
HPQ,-0.22794373333454132,-0.03090542182326317,1.560578465461731,-0.07949782907962799,0.2329765409231186,-3.8701655864715576,0.08159452676773071
HRB,1.1568529605865479,6.304723262786865,0.994204044342041,-0.8161056041717529,0.35346105694770813,-4.621522426605225,0.4667293131351471
HRL,0.002998849144205451,0.5737265944480896,-0.6762473583221436,0.692760705947876,-1.6105012893676758,1.4260644912719727,2.147559642791748
HSIC,0.3490867614746094,2.203367233276367,0.8044825792312622,-0.6924129128456116,-2.066403388977051,2.0204710960388184,0.3063649833202362
HSY,-0.0187766645103693,0.6402285695075989,-0.7556584477424622,0.7581812739372253,-1.6844229698181152,1.441533088684082,2.1285006999969482
HUM,0.12806864082813263,2.2811503410339355,1.2784315347671509,-1.9939466714859009,-1.9786158800125122,1.0896508693695068,-0.14147046208381653
HWKN,-2.937114953994751,0.259893000125885,3.42907977104187,-0.26205337047576904,1.6925995349884033,-1.8101533651351929,0.5229971408843994
IAG,1.9189714193344116,-0.300078421831131,-0.20809312164783478,0.8080503344535828,-3.821491003036499,-0.8537577986717224,1.488115906715393
IBM,0.5362996459007263,2.243363618850708,-1.851844072341919,-1.802261471748352,0.06984575092792511,-2.460195779800415,1.9896601438522339
ICE,1.6193554401397705,1.2461072206497192,-1.2903900146484375,-0.21898971498012543,-1.6907984018325806,-1.8122154474258423,1.5106393098831177
IDXX,-0.4763486385345459,0.8026391267776489,0.4450543522834778,-0.7992024421691895,-0.562671422958374,0.5719303488731384,0.515597939491272
IEX,0.016037872061133385,0.5452616810798645,0.2592828869819641,0.2777065336704254,-0.5154857635498047,-0.34797894954681396,0.38772621750831604
IFF,-0.16213399171829224,0.5228731632232666,0.7809433937072754,-1.1909703016281128,-2.187392234802246,-0.5619264841079712,-0.2932361960411072
ILMN,-0.4300497770309448,1.0201021432876587,-0.1467125564813614,-2.283151149749756,0.03178867697715759,1.2381750345230103,2.608992338180542
INCY,-0.01189621351659298,3.2762022018432617,0.8650635480880737,0.9046245813369751,0.8281022906303406,1.3504914045333862,1.749768614768982
INT,-0.6238643527030945,2.2243406772613525,0.6527588963508606,2.0349607467651367,-3.540675401687622,-0.8405839800834656,-1.1108276844024658
INTC,-0.6198081970214844,0.029477335512638092,1.5919535160064697,-0.28468674421310425,-0.17121939361095428,-3.452803373336792,-0.322222501039505
INTU,1.304133653640747,2.922675371170044,-1.3873828649520874,-0.41967353224754333,0.14945001900196075,-2.2533066272735596,1.1120901107788086
IO,-0.42767035961151123,-0.29032036662101746,2.046861171722412,0.19299069046974182,-3.8767271041870117,0.042207248508930206,-0.8408071398735046
IP,0.16733628511428833,0.5887630581855774,0.43521878123283386,-0.7189537882804871,-1.371357798576355,-0.5771896243095398,-0.12984947860240936
IPG,-3.5318806171417236,-5.946868419647217,3.326770544052124,3.37689208984375,-0.3960554003715515,-2.155536651611328,1.4271538257598877
IPGP,-2.139911413192749,-3.6211302280426025,0.2417559027671814,0.13637420535087585,-0.45104336738586426,-3.4252333641052246,0.8572620153427124
ISRG,-0.39591649174690247,0.9548571109771729,0.5232394337654114,-0.9523150324821472,-0.6137425303459167,0.6858475804328918,0.6596206426620483
IT,0.1352391093969345,-1.006568431854248,-0.7442963123321533,-0.17721040546894073,-0.5155074596405029,-2.495250701904297,0.8477493524551392
ITW,0.06381941586732864,0.5964536070823669,0.30470582842826843,0.2593572735786438,-0.47852933406829834,-0.343199223279953,0.38722068071365356
IVZ,1.3686028718948364,2.584812641143799,-0.5905572772026062,-1.466557264328003,-3.2254269123077393,-1.302167534828186,0.19243384897708893
J,7.614455223083496,1.8415343761444092,6.920327186584473,-2.5086488723754883,-1.8074802160263062,-2.5731308460235596,0.9445320963859558
JBHT,-0.8953427672386169,1.8295094966888428,-1.048933982849121,2.0868046283721924,-2.9102561473846436,-3.2068941593170166,-0.20051927864551544
JCI,2.4304633140563965,1.355878233909607,3.086820602416992,-0.5489824414253235,0.8008030652999878,-1.3504629135131836,0.7031412720680237
JKHY,0.5849277973175049,3.1392838954925537,-1.759928822517395,-2.2710821628570557,-0.5152134895324707,-1.4643722772598267,1.566147804260254
JNJ,-0.14087937772274017,3.434213876724243,0.8277841210365295,0.8133195638656616,0.9391008615493774,1.468598484992981,1.8313881158828735
JNPR,-2.463773012161255,-4.232057571411133,-0.23235276341438293,0.700210452079773,-0.22678323090076447,-3.1615424156188965,1.941623330116272
JSAIY,-1.1529757976531982,0.31510329246520996,0.5205950140953064,0.0071131461299955845,0.3893786370754242,1.3523166179656982,1.0339717864990234
JWN,-1.1336491107940674,-3.0102407932281494,5.941182613372803,-1.6592768430709839,1.150029182434082,-0.18469293415546417,2.332681655883789
K,-0.010011224076151848,0.5434708595275879,-0.688781201839447,0.7245151400566101,-1.5649919509887695,1.4475440979003906,2.15954852104187
KEP,-0.4123663604259491,0.3731299042701721,2.9747705459594727,2.130925178527832,0.5468177199363708,0.31364989280700684,0.6843286752700806
KLAC,-0.3336218595504761,0.11472560465335846,1.8559486865997314,-0.6382309198379517,-0.21604961156845093,-4.538543701171875,-0.1598169207572937
KMB,1.0259945392608643,-0.0679745227098465,2.1828932762145996,-0.45673778653144836,2.1062045097351074,-0.6273029446601868,3.6216626167297363
KMX,-1.1741034984588623,1.5513114929199219,-1.9761468172073364,1.4941025972366333,-3.212735414505005,-2.760099411010742,0.17984327673912048
KO,0.029159557074308395,0.6368169188499451,-0.7783854603767395,0.6567829251289368,-1.992618441581726,1.7346206903457642,2.395555019378662
KR,-2.081061601638794,0.7976701259613037,0.15770883858203888,0.7164428234100342,1.0413023233413696,2.2040257453918457,3.2513906955718994
KSS,-1.0650544166564941,-3.075397253036499,6.088555335998535,-1.65488862991333,1.1687506437301636,-0.17774738371372223,2.3091464042663574
KSU,-0.5338430404663086,2.1138713359832764,-0.8979689478874207,2.9821858406066895,-2.576772928237915,-1.8625825643539429,0.3252411484718323
KT,-3.1828956604003906,-1.5578351020812988,0.07385693490505219,-0.6697713136672974,1.4498497247695923,-2.703601837158203,2.4344873428344727
L,1.314126968383789,2.0158259868621826,-0.24962352216243744,-0.8330753445625305,1.2913100719451904,-0.5781189799308777,2.978346824645996
LB,-0.6648828983306885,-1.7884577512741089,3.4842255115509033,-2.0077736377716064,1.7030633687973022,-0.3092823624610901,2.7936933040618896
LBTYA,-2.899970769882202,-3.1712453365325928,0.7610597014427185,-1.4000802040100098,1.693268060684204,-3.216783285140991,3.556580066680908
LDOS,0.147597998380661,0.3454350233078003,-0.8569467067718506,-2.102093458175659,0.4285666346549988,-1.177281379699707,2.5756888389587402
LEG,0.8600102066993713,0.9671960473060608,2.4580609798431396,-3.326815128326416,1.8659131526947021,-1.8187179565429688,3.010535478591919
LEN,2.5169968605041504,1.9401062726974487,2.487579345703125,-0.5572807788848877,0.5676224827766418,-1.1844065189361572,0.6361179351806641
LH,-1.290851354598999,1.5172145366668701,-0.14698952436447144,-2.041996479034424,-1.1377251148223877,1.1375494003295898,1.0890048742294312
LKQ,-0.4233671724796295,0.9791433811187744,-1.7489118576049805,0.020633691921830177,-2.7039201259613037,-4.3286285400390625,0.16181272268295288
LLY,-0.03378179296851158,3.5465972423553467,0.8100831508636475,0.804167628288269,0.8275342583656311,1.5871926546096802,1.838377833366394
LMT,-1.0600086450576782,2.6861162185668945,1.1345139741897583,2.024533748626709,1.0664798021316528,-1.8178824186325073,0.8109918832778931
LNC,-0.461725652217865,3.7765276432037354,-0.1034596785902977,-1.7019832134246826,0.19626128673553467,2.4961202144622803,1.737838864326477
LNT,-0.3615711033344269,0.3723144829273224,2.9942681789398193,2.0317368507385254,0.48999541997909546,0.334818571805954,0.6620808839797974
LOW,2.3136181831359863,1.0979335308074951,4.236924648284912,-2.486675262451172,1.094824194908142,-0.985085666179657,1.4404754638671875
LPX,1.4478468894958496,3.4875760078430176,1.7288695573806763,0.2852727174758911,-2.8173770904541016,-1.1525830030441284,-0.8348520994186401
LRCX,-0.46251630783081055,0.0805211141705513,1.9147639274597168,-0.4427086114883423,-0.1892857402563095,-4.270720958709717,-0.2778937816619873
LUV,-0.4294840693473816,3.159883499145508,0.5683580040931702,3.6220719814300537,-0.759743332862854,-1.0514836311340332,0.7029225826263428
LYV,-4.348401069641113,-2.000443935394287,-0.1657358855009079,1.6421152353286743,-1.0595316886901855,-0.5469454526901245,0.8714646697044373
MA,0.5729333162307739,3.2555387020111084,-1.72674560546875,-2.1790387630462646,-0.3817313015460968,-1.5498437881469727,1.5209485292434692
MAR,-3.7425377368927,1.3278535604476929,-2.1575264930725098,2.023414134979248,-1.0037426948547363,-1.7430222034454346,1.5719342231750488
MAS,2.325254440307617,1.4212459325790405,2.948648691177368,-0.5423764586448669,0.8067302107810974,-1.2289669513702393,0.6404939293861389
MBT,-2.1824710369110107,-1.495598316192627,0.4439534544944763,-0.789653480052948,1.7872065305709839,-3.062166452407837,2.6007726192474365
MCD,-0.5354893803596497,1.5966358184814453,-1.3876144886016846,1.72193443775177,-1.952782154083252,1.1891666650772095,2.234740972518921
MCHP,-0.6092007160186768,-0.020048819482326508,1.6675477027893066,-0.30181095004081726,-0.17606881260871887,-3.4593472480773926,-0.2887478768825531
MCK,0.3272230327129364,2.3103935718536377,0.7071864604949951,-0.7580313682556152,-1.8792222738265991,1.9394075870513916,0.3191823363304138
MCO,1.4722208976745605,1.0853999853134155,-1.111465573310852,-0.16529570519924164,-1.517283320426941,-1.6899549961090088,1.306253433227539
MDLZ,-0.03025292046368122,0.5489773750305176,-0.7606293559074402,0.7549324035644531,-1.6395270824432373,1.4244461059570312,2.1978988647460938
MED,1.1769362688064575,0.4571535587310791,1.403320550918579,1.7875899076461792,-0.3775307834148407,2.4515018463134766,3.545056104660034
MET,-0.5261343717575073,3.8931655883789062,-0.09820743650197983,-1.5879093408584595,0.29861313104629517,2.547950267791748,1.7849184274673462
MGEE,-0.3843380808830261,0.3875042796134949,2.9345710277557373,2.0596606731414795,0.4254685044288635,0.3420813977718353,0.6316239237785339
MGM,-2.3274266719818115,0.2533224821090698,-3.3811213970184326,-1.1619417667388916,-1.4759202003479004,-2.3870208263397217,3.203352451324463
MHK,0.5965773463249207,1.1826704740524292,2.186333656311035,-3.6729140281677246,1.8673267364501953,-1.688502550125122,3.1766011714935303
MKC,-0.05174155905842781,0.6421030163764954,-0.6985089778900146,0.7506345510482788,-1.5368421077728271,1.3607022762298584,2.0745856761932373
MKTX,1.3643912076950073,0.9486250281333923,-0.9925769567489624,-0.18968366086483002,-1.4169154167175293,-1.5363290309906006,1.2297801971435547
MLM,7.1149492263793945,2.319169282913208,6.8436126708984375,2.457981586456299,2.26879620552063,-1.510084867477417,4.472980499267578
MMC,0.5466639995574951,3.980316638946533,-2.1098783016204834,-0.06452591717243195,0.8903785943984985,-0.04681709036231041,4.009489059448242
MMM,0.49120211601257324,0.514428436756134,1.2423818111419678,0.8172609806060791,-1.6931113004684448,-0.6575816869735718,-0.37306395173072815
MNST,0.023218203336000443,0.6086657643318176,-0.7793639302253723,0.6843246221542358,-1.9623569250106812,1.6475058794021606,2.4538679122924805
MO,-2.7307114601135254,0.7466391921043396,-2.513258695602417,-2.6926116943359375,-0.4740830659866333,0.7706988453865051,5.224546432495117
MRK,-0.03237134590744972,3.5301711559295654,0.7276955842971802,0.7251856923103333,0.848280668258667,1.558004379272461,1.719103455543518
MRO,-0.16431787610054016,-0.10293211787939072,2.044680595397949,0.10901552438735962,-3.2927517890930176,-0.04686649143695831,-0.7767350077629089
MRWSY,-1.8951832056045532,2.2701833248138428,-1.257416009902954,0.7214944362640381,-0.4731557071208954,2.0072667598724365,2.7773663997650146
MSCI,1.4994227886199951,0.9817930459976196,-1.0761789083480835,-0.07901595532894135,-1.378578782081604,-1.7595239877700806,1.3887500762939453
MSEX,-0.2065505087375641,1.4769402742385864,-0.18511028587818146,1.6767178773880005,-3.896833896636963,2.3437650203704834,0.9478821754455566
MSFT,-1.1507624387741089,-1.0255616903305054,-0.0233993548899889,1.1031187772750854,1.1158655881881714,-4.101820468902588,1.3719793558120728
MSI,-2.5442488193511963,-4.122700214385986,-0.3054858148097992,0.6977783441543579,-0.15826627612113953,-3.194037437438965,1.9652585983276367
MTD,-0.4858291745185852,1.0309746265411377,-0.3383253812789917,-2.2285425662994385,0.17925231158733368,0.9568840861320496,2.6495492458343506
MTRN,2.754526138305664,-0.7837206721305847,0.6969372630119324,-0.46773049235343933,-3.3341219425201416,-0.6916934847831726,2.088726282119751
MU,-0.5634145140647888,-0.034269724041223526,1.5966365337371826,-0.26937320828437805,-0.0338297076523304,-3.4297661781311035,-0.22172433137893677
NAT,0.023122573271393776,2.2043864727020264,2.585068941116333,1.1352976560592651,-3.1619651317596436,-0.24804241955280304,-1.5609151124954224
NBL,-0.24048036336898804,-0.04016215726733208,1.9115887880325317,0.17763757705688477,-3.391528844833374,-0.09348585456609726,-0.8627595901489258
NDAQ,1.5263121128082275,1.1166883707046509,-1.1055060625076294,-0.18976621329784393,-1.529260516166687,-1.6877459287643433,1.3642313480377197
NEE,-0.33469003438949585,0.4089154303073883,3.047307014465332,2.230299711227417,0.469316691160202,0.2810879647731781,0.6765137910842896
NEM,1.887813925743103,-0.34489190578460693,-0.23152166604995728,0.9044313430786133,-3.7808854579925537,-0.9053150415420532,1.5221502780914307
NEWT,1.3713109493255615,2.4372479915618896,-0.6008509993553162,-1.521884560585022,-3.1848769187927246,-1.4074255228042603,0.19041475653648376
NFLX,-4.962198734283447,-1.6726516485214233,-0.8590775728225708,-0.2790244519710541,-0.5105928182601929,-0.8147456049919128,2.117314100265503
NGG,0.38871967792510986,0.19071872532367706,2.816342353820801,2.1698551177978516,-0.4153784513473511,0.6235142350196838,0.6881711483001709
NGS,-0.44089314341545105,-0.18554097414016724,1.9369633197784424,0.12400064617395401,-3.9154341220855713,0.010933181270956993,-0.8568857908248901
NI,0.4537162780761719,0.13409096002578735,2.8625564575195312,2.1305863857269287,-0.40190503001213074,0.6407353281974792,0.654333770275116
NKE,1.4279826879501343,-2.0196502208709717,7.285615921020508,-1.4682722091674805,-1.0761953592300415,-2.5058679580688477,-0.5395988821983337
NLOK,-0.04155728965997696,0.9955414533615112,-0.7655701637268066,-0.3327510952949524,1.8027420043945312,-4.751901626586914,3.5205090045928955
NNA,-0.06864331662654877,2.649420976638794,2.58705472946167,1.01589834690094,-3.138455629348755,-0.2587706744670868,-1.6951541900634766
NOC,-1.1414532661437988,2.774528741836548,1.19159996509552,2.077437162399292,1.0343327522277832,-1.7936221361160278,0.7734159827232361
NOV,-0.4896957576274872,-0.16658541560173035,2.0041377544403076,0.3029078245162964,-3.789789915084839,0.030574530363082886,-0.8788772821426392
NRG,-0.31345033645629883,0.3406307101249695,2.9159488677978516,2.1388332843780518,0.41837093234062195,0.3448653817176819,0.6813678741455078
NSC,-0.542339026927948,2.1032652854919434,-0.7822228074073792,3.0370397567749023,-2.455376148223877,-1.8206766843795776,0.280482679605484
NTAP,0.3974713683128357,0.19446127116680145,0.48915088176727295,1.279167652130127,0.9790846109390259,-4.214362621307373,1.0636242628097534
NTES,-4.850800037384033,-0.8947338461875916,-0.04942787066102028,1.306602120399475,-0.45338669419288635,-3.8610477447509766,0.0999893844127655
NUE,2.48046612739563,-0.6122124195098877,0.5743924379348755,-0.14520198106765747,-3.0275259017944336,-0.550673246383667,1.8602250814437866
NVDA,-0.6684983968734741,-0.013832717202603817,1.6421279907226562,-0.28228551149368286,-0.12173280119895935,-3.3730390071868896,-0.26978251338005066
NVR,2.0861337184906006,2.575529098510742,0.7935886383056641,-0.5624158978462219,0.2737387418746948,-0.4905145764350891,0.7204970717430115
NWL,3.8528237342834473,-0.13021309673786163,1.9472105503082275,-1.7422224283218384,0.10253551602363586,-0.6859102845191956,4.4248948097229
NXST,-4.454066753387451,-1.6841462850570679,0.5062953233718872,1.1222712993621826,0.3173893392086029,-1.863204002380371,0.8693468570709229
NYT,-5.683590412139893,-2.9060802459716797,-2.5681724548339844,-3.3338489532470703,-2.843324899673462,-5.170973777770996,2.3397939205169678
ODFL,-0.9521027207374573,1.829085111618042,-1.1162782907485962,1.9461082220077515,-2.8567371368408203,-3.082263946533203,-0.25509482622146606
OGE,-0.3553304374217987,0.32253172993659973,2.926262617111206,2.0896778106689453,0.433066189289093,0.28162819147109985,0.6834748983383179
OII,-0.5853864550590515,-0.174875870347023,2.003818988800049,0.3046177327632904,-3.9136760234832764,0.06029163673520088,-0.9085706472396851
OKE,0.2131071537733078,1.9259134531021118,3.2288904190063477,0.5638468265533447,-2.7185046672821045,0.3351142406463623,-1.5722829103469849
OMC,-3.3943755626678467,-5.9197163581848145,3.3218374252319336,3.434612989425659,-0.3784662187099457,-2.0986859798431396,1.4539047479629517
ORAN,-1.8834617137908936,-1.775763750076294,0.9821938872337341,-0.4571358859539032,1.8179277181625366,-3.7617690563201904,2.364496946334839
ORCL,0.27147170901298523,0.4207408130168915,0.08080971240997314,0.1564054638147354,1.60601806640625,-4.794486999511719,2.8825135231018066
ORLY,-0.6948708891868591,1.2120119333267212,-1.8538818359375,0.5199652314186096,-2.8205149173736572,-3.582110643386841,0.16051027178764343
OXY,-0.4561251997947693,1.5936120748519897,2.0943565368652344,-1.815676212310791,-3.6951708793640137,-0.7319874167442322,-1.6363062858581543
PAAS,2.117027997970581,-0.41486039757728577,-0.4174913465976715,0.8679013848304749,-4.50297737121582,-1.1306058168411255,1.82188081741333
PAYX,0.9801978468894958,1.3019050359725952,-1.2720961570739746,-1.897639513015747,-0.5323891043663025,-0.9063407182693481,1.7415587902069092
PCAR,2.314023733139038,1.6645694971084595,3.233194351196289,0.4123552739620209,0.8332352042198181,-1.4936761856079102,0.3305594325065613
PEG,0.28995129466056824,0.11250193417072296,2.814662218093872,2.1630444526672363,-0.29898539185523987,0.5474482774734497,0.6888999938964844
PEIX,-0.5367347598075867,2.143779993057251,0.8120239973068237,1.8739181756973267,-3.4482059478759766,-0.6670278310775757,-1.1947331428527832
PEP,0.06860463321208954,0.7187908887863159,-0.7889037132263184,0.8052965402603149,-1.8885653018951416,1.6003358364105225,2.3929734230041504
PFE,-0.1440306305885315,3.3926002979278564,0.7712578177452087,0.8485182523727417,0.929021418094635,1.376639723777771,1.7328197956085205
PFG,-0.4887886941432953,3.8583896160125732,-0.20672698318958282,-1.7527916431427002,0.023238468915224075,2.5685324668884277,1.7138879299163818
PG,0.6666589975357056,-0.3933914601802826,2.668333053588867,-0.31314754486083984,2.326587438583374,-0.5240313410758972,3.3869898319244385
PGR,1.312658667564392,2.121121406555176,-0.26621800661087036,-0.9247828125953674,1.3121521472930908,-0.7573133707046509,2.986286163330078
PH,0.032227013260126114,0.5044128894805908,0.3558751940727234,0.29043492674827576,-0.4878372550010681,-0.34526243805885315,0.380127489566803
PHM,2.3054094314575195,2.7277116775512695,0.8405104279518127,-0.5640243291854858,0.28799134492874146,-0.6231828331947327,0.6373985409736633
PKG,0.16696572303771973,0.5716251730918884,0.39655670523643494,-0.7581309676170349,-1.3965574502944946,-0.5811943411827087,-0.08477547019720078
PKI,-0.43698349595069885,1.2162842750549316,-0.15344887971878052,-2.3661060333251953,0.01808624528348446,1.169316291809082,2.5530383586883545
PKX,2.4978137016296387,-0.5898465514183044,0.5317397713661194,-0.38801348209381104,-2.9922425746917725,-0.5740202069282532,1.9277042150497437
PM,-4.601777076721191,1.1778496503829956,-1.3898299932479858,-2.94132137298584,-1.9171332120895386,1.2904698848724365,2.4941604137420654
PNR,0.11499366909265518,0.5316616892814636,0.3104284703731537,0.33874955773353577,-0.4997222125530243,-0.4302782714366913,0.3677619993686676
PNW,-0.39282163977622986,0.3735049366950989,2.958475351333618,2.122373342514038,0.3761151432991028,0.37181541323661804,0.5996139645576477
POR,-0.3722136616706848,0.43692874908447266,3.132082462310791,2.152114152908325,0.4645134508609772,0.4080820381641388,0.6337071657180786
PPG,-0.19251196086406708,0.5089279413223267,0.8506302833557129,-1.0561717748641968,-2.1573476791381836,-0.4492799639701843,-0.3574327826499939
PPL,-0.33738622069358826,0.4132704436779022,3.0046753883361816,2.1444573402404785,0.4505528211593628,0.30961641669273376,0.6374379396438599
PRGO,-0.13758055865764618,3.4115889072418213,0.7271738648414612,0.7945294976234436,0.896551787853241,1.442388653755188,1.7786756753921509
PRU,-0.2801654040813446,3.6575469970703125,-0.1711227297782898,-1.6180609464645386,0.13677284121513367,2.3801472187042236,1.6832679510116577
PSMT,-2.5038938522338867,0.6124140620231628,-0.8878583312034607,1.3606714010238647,0.3880949914455414,1.870208978652954,4.143664360046387
PVH,-0.8442478179931641,-0.820469856262207,4.281515121459961,-1.38243567943573,-0.04660849645733833,-0.9726768136024475,-0.23941901326179504
PWR,7.477973937988281,1.9910030364990234,6.819386959075928,-2.520864486694336,-1.8510161638259888,-2.568861961364746,0.8255465626716614
PXD,-0.2627895176410675,-0.11235735565423965,1.9729959964752197,0.10782411694526672,-3.2900326251983643,-0.06511535495519638,-0.8547402620315552
QCOM,-0.5729612708091736,-0.07026209682226181,1.654552936553955,-0.21996115148067474,-0.12747204303741455,-3.564722776412964,-0.23665165901184082
RAD,-1.4589909315109253,1.0995848178863525,2.8555314540863037,1.6273001432418823,3.5219366550445557,0.4573300778865814,4.053483486175537
RCL,-2.5640902519226074,1.9469834566116333,-2.123403310775757,2.9034295082092285,-0.7428054809570312,-1.9215048551559448,1.8834742307662964
RE,2.1850550174713135,6.504297256469727,-3.215097188949585,0.9773441553115845,0.9407716393470764,-0.0363263301551342,6.2847981452941895
REED,0.033510107547044754,0.5734602212905884,-0.7131485342979431,0.7611820697784424,-2.0689783096313477,1.749984860420227,2.5054047107696533
REGN,-0.05835166946053505,3.345897912979126,0.8600122332572937,0.6856430768966675,0.8693086504936218,1.4604634046554565,1.7086275815963745
RHI,3.6427366733551025,0.31369808316230774,-1.672487735748291,-0.7796949744224548,-1.569115161895752,-0.11125066876411438,7.404715061187744
RL,-0.7926676273345947,-0.8002580404281616,4.319732666015625,-1.4028681516647339,0.005641158204525709,-1.019066333770752,-0.2127547562122345
RMD,-0.3747294247150421,1.0021322965621948,0.49695345759391785,-0.7863145470619202,-0.4388117790222168,0.533178985118866,0.5170421004295349
ROK,-2.2978382110595703,0.9159297347068787,3.3826918601989746,1.1323217153549194,-2.211066484451294,1.825762152671814,-1.8312029838562012
ROL,-2.758507490158081,2.9398305416107178,-0.6961506605148315,-2.323819398880005,1.3629088401794434,-2.8467235565185547,2.107595205307007
ROP,0.4735276997089386,0.4140622615814209,1.2243021726608276,0.7687795162200928,-1.6433160305023193,-0.6631684303283691,-0.3751995265483856
ROST,-0.25437408685684204,-1.2128604650497437,4.090812683105469,-2.9897143840789795,0.9274515509605408,-0.9619947075843811,1.6109577417373657
RPM,-0.134576678276062,0.5361118316650391,0.8080355525016785,-1.0592631101608276,-2.2552332878112793,-0.43533948063850403,-0.30072149634361267
RSG,-1.6772136688232422,1.9925943613052368,1.9754419326782227,-3.8323025703430176,0.5452920198440552,-3.227729082107544,0.7915632128715515
RTX,-1.109169363975525,2.72920560836792,1.2408699989318848,2.0425145626068115,1.0613921880722046,-1.8340802192687988,0.7512823939323425
SAM,0.17888595163822174,0.3877898156642914,-0.5482058525085449,1.2194032669067383,1.5548330545425415,0.282337486743927,6.406050205230713
SBOW,-0.18407182395458221,-0.16202740371227264,1.9216567277908325,0.12367358803749084,-3.259145498275757,-0.09089913964271545,-0.7784860134124756
SBUX,-0.5352818965911865,1.692713975906372,-1.4923416376113892,2.050713539123535,-2.036484718322754,1.1258043050765991,2.450249195098877
SCCO,2.8138978481292725,-0.5716289281845093,0.6801286339759827,-0.6143393516540527,-3.3146910667419434,-0.5323767066001892,2.086550712585449
SCL,-0.19223254919052124,0.397941917181015,0.7002941370010376,-0.9401015639305115,-1.9715150594711304,-0.41567763686180115,-0.2729007601737976
SEE,0.1746925264596939,0.5924490690231323,0.44708698987960815,-0.8061020374298096,-1.3931511640548706,-0.5822286605834961,-0.1267980933189392
SEIC,1.3111374378204346,2.447824478149414,-0.49531301856040955,-1.682556390762329,-3.3865809440612793,-1.3088608980178833,0.14020761847496033
SFTBF,-0.8534030318260193,-0.9027085304260254,0.12256147712469101,0.7910714745521545,1.289565086364746,-3.622382879257202,1.482513427734375
SHW,-0.2792204022407532,0.4821403920650482,0.6625820994377136,-1.1096676588058472,-2.1573374271392822,-0.4276820421218872,-0.354139119386673
SINA,-5.223055839538574,-1.9314948320388794,0.5741843581199646,0.4203856587409973,-0.6239780783653259,-2.1338653564453125,0.041660554707050323
SIRI,-4.541351318359375,-2.342538356781006,0.30273309350013733,-0.2911059558391571,1.5315096378326416,-1.5975404977798462,2.950995445251465
SJI,1.3113667964935303,-0.759470522403717,6.050725936889648,1.4517602920532227,-2.6707603931427,0.6975491642951965,-0.7075190544128418
SJM,-0.011881963349878788,0.6109211444854736,-0.7221001982688904,0.8129242062568665,-1.4477927684783936,1.3606939315795898,2.179365873336792
SJR,-4.06303596496582,-2.306727409362793,-0.6622920632362366,-2.1059205532073975,0.6627310514450073,-2.817162275314331,3.2088146209716797
SKM,-1.611631155014038,-2.7837822437286377,2.5643410682678223,0.30099865794181824,1.5343252420425415,-3.5182745456695557,1.3740750551223755
SLB,-0.6362082958221436,-0.17364148795604706,2.067713737487793,0.28084227442741394,-4.003650188446045,0.004739576485008001,-0.9505940675735474
SLF,-0.33319005370140076,3.7457032203674316,-0.2273363471031189,-1.7304133176803589,0.14816193282604218,2.403654098510742,1.7238543033599854
SLGN,-0.7889273762702942,1.100193977355957,1.8227168321609497,0.0761750265955925,1.2237522602081299,-1.8181406259536743,0.340217649936676
SMG,-0.6900651454925537,-0.7681498527526855,-0.06682021170854568,-0.44856780767440796,-2.530503034591675,3.019429922103882,3.5735764503479004
SNA,-0.026916395872831345,0.49016785621643066,0.34738290309906006,0.3473412096500397,-0.4893060326576233,-0.41687628626823425,0.32748132944107056
SNPS,0.49062082171440125,0.2541945278644562,0.7198453545570374,1.857001781463623,-0.006335886660963297,-2.732121706008911,1.2400604486465454
SO,-0.2507871687412262,0.28147417306900024,2.9052915573120117,2.059462785720825,0.4272249937057495,0.35612910985946655,0.7081727981567383
SOHU,-5.190603733062744,-1.4098106622695923,-0.5765826106071472,-0.19080720841884613,-1.1729768514633179,-3.14064359664917,0.3033217191696167
SPGI,1.5955936908721924,1.0981098413467407,-1.0889296531677246,-0.26239266991615295,-1.3587872982025146,-1.6549068689346313,1.4426724910736084
SRE,0.26735422015190125,0.15872979164123535,2.9149210453033447,2.156806707382202,-0.24282190203666687,0.5932341814041138,0.6551939845085144
SSP,-4.331213474273682,-1.271889567375183,-0.5278416872024536,-0.017991317436099052,0.3757809102535248,-1.4473786354064941,2.0659403800964355
SSRM,1.9283438920974731,-0.29609477519989014,-0.16228598356246948,0.8633533716201782,-3.674959897994995,-0.8000888824462891,1.500013828277588
STC,1.2162673473358154,1.9023017883300781,-0.3058916926383972,-0.9639394879341125,1.2330571413040161,-0.5935825705528259,3.0402729511260986
STE,-0.3995826840400696,0.764028787612915,0.4631836414337158,-0.8046261668205261,-0.6350743770599365,0.544467031955719,0.4615841209888458
STKL,0.03358800709247589,0.5718094110488892,-0.680659294128418,0.7281844019889832,-1.5919808149337769,1.3545687198638916,2.061725616455078
STX,-0.7693653106689453,-0.4619620442390442,1.9578649997711182,0.2068486213684082,1.6424036026000977,-3.9970409870147705,0.9846600890159607
STZ,-0.8031119704246521,-0.10031075030565262,-1.500090479850769,-0.5081934332847595,1.0660324096679688,-0.04312673211097717,5.916592121124268
SWK,-0.021253691986203194,0.5240985155105591,0.3449634313583374,0.28102436661720276,-0.45497211813926697,-0.35175418853759766,0.3446057438850403
SWKS,-0.6137070059776306,-0.016346270218491554,1.7682783603668213,-0.3434644341468811,-0.1166250929236412,-3.3929367065429688,-0.32630157470703125
SXT,-0.1939150094985962,0.48092982172966003,0.7403068542480469,-1.03572678565979,-2.137878656387329,-0.43106895685195923,-0.3429388403892517
SYK,-0.46916595101356506,1.1165608167648315,0.5439461469650269,-1.0423859357833862,-0.6758936047554016,0.7627637982368469,0.6544855833053589
SYY,-1.7746317386627197,2.6434123516082764,-1.3942937850952148,3.14430832862854,-2.8413424491882324,1.8176878690719604,1.8615752458572388
T,-3.367105722427368,-2.2251780033111572,0.7327672243118286,-0.3309851884841919,1.2380446195602417,-2.423523187637329,1.704603910446167
TAC,0.3406495153903961,0.9074930548667908,4.6462836265563965,2.759312868118286,-1.0978213548660278,1.136612057685852,-0.0028605847619473934
TAP,0.10173425078392029,0.364068865776062,-0.5368323922157288,1.2415764331817627,1.5184940099716187,0.3570910692214966,6.334619522094727
TCEHY,-4.884457111358643,-1.8949074745178223,-0.3005434572696686,0.6806383728981018,-0.6755178570747375,-2.2572884559631348,0.6417168974876404
TDG,-1.1676214933395386,2.768071413040161,1.2168527841567993,2.069822311401367,1.1078935861587524,-1.7175993919372559,0.8279986381530762
TDS,-1.5168306827545166,-2.967907667160034,2.211653709411621,-1.6360926628112793,0.9778755903244019,-3.949885606765747,1.755776047706604
TEL,-2.1229569911956787,-3.8052260875701904,0.3861401677131653,0.2730933725833893,-0.5091599822044373,-3.433980941772461,0.8719897866249084
TELNY,-2.784453868865967,-2.2909657955169678,1.2176638841629028,-0.00036916343378834426,1.4781038761138916,-2.77398943901062,1.7270456552505493
TFX,-0.44931501150131226,0.9219588041305542,0.5311954021453857,-0.8015746474266052,-0.5641359686851501,0.7085239887237549,0.5129008889198303
TGNA,-4.489686489105225,-1.780293583869934,0.6632764935493469,0.9735364317893982,0.43546274304389954,-1.5204401016235352,0.8954816460609436
TGT,-1.8407834768295288,3.5234320163726807,-1.6355552673339844,1.2131013870239258,-0.7958588004112244,2.1828348636627197,2.7693514823913574
THS,-0.09657713770866394,0.5447821021080017,-0.6728967428207397,0.7940038442611694,-1.6819270849227905,1.4228724241256714,2.0849568843841553
TIF,-5.155760288238525,3.5370163917541504,0.1796037256717682,0.2002454400062561,0.11885898560285568,1.450112223625183,1.132786512374878
TJX,-1.074573040008545,-2.2903759479522705,4.370375156402588,-2.256909132003784,0.38685494661331177,-0.19234687089920044,1.5689433813095093
TMO,-0.6528409123420715,1.1583714485168457,-0.16954223811626434,-2.2959704399108887,0.14284951984882355,1.0494813919067383,2.5188755989074707
TNK,0.05600409954786301,2.087881565093994,2.7889928817749023,0.6949792504310608,-2.9860448837280273,-0.04629180580377579,-1.583192229270935
TOT,-0.3938191831111908,1.6135016679763794,2.009658098220825,-1.8784503936767578,-3.580371141433716,-0.6813352704048157,-1.5822653770446777
TPR,-0.8677558898925781,-0.7790307998657227,4.282911777496338,-1.4148975610733032,-0.00046969109098427,-1.0027228593826294,-0.23475639522075653
TROW,1.3067718744277954,2.53542160987854,-0.5142537951469421,-1.5338739156723022,-3.324709415435791,-1.2250958681106567,0.14090652763843536
TRV,1.345641851425171,1.9567288160324097,-0.16202262043952942,-0.9735695123672485,1.2804592847824097,-0.6359961628913879,2.971153736114502
TSCO,-3.427307367324829,-0.3431112468242645,-0.3241429924964905,-0.17912010848522186,-0.13786214590072632,3.4215121269226074,4.80967903137207
TSN,0.0012410978088155389,0.6400811076164246,-0.6692215800285339,0.769172728061676,-1.521419882774353,1.466553807258606,2.193283796310425
TT,2.3588685989379883,1.351588249206543,3.1292712688446045,-0.5142446160316467,0.8350591063499451,-1.3990176916122437,0.7156663537025452
TTWO,-3.826732635498047,-0.6111108660697937,-1.1189054250717163,1.3591464757919312,-0.22308915853500366,-3.60066556930542,1.4343044757843018
TU,-2.820482015609741,-1.48458993434906,-0.10763733834028244,-0.6175101399421692,1.472074270248413,-2.80179500579834,2.700706720352173
TXN,-0.6451053023338318,-0.08238962292671204,1.6011191606521606,-0.21323086321353912,-0.14329694211483002,-3.274028778076172,-0.29144665598869324
TXT,-1.054174780845642,2.6925220489501953,1.1151870489120483,1.9750479459762573,1.0464537143707275,-1.7054879665374756,0.807796835899353
UAA,-0.8963183760643005,-0.7771338820457458,4.231457710266113,-1.39035165309906,0.029943756759166718,-1.0128092765808105,-0.16315235197544098
UAL,-0.4634338617324829,3.033071517944336,0.6581975817680359,3.7326109409332275,-0.7381252646446228,-1.049668312072754,0.7250716090202332
UHS,-1.988908052444458,2.76058292388916,0.36328190565109253,-5.172945499420166,0.10459533333778381,1.8352937698364258,3.4581995010375977
ULTA,-2.8800156116485596,-0.8142032027244568,3.2506115436553955,-0.4556920826435089,2.2908339500427246,0.7333036661148071,3.0670015811920166
UNFI,-2.29248309135437,3.738837242126465,-1.5971232652664185,2.489891290664673,-1.7396079301834106,2.1316378116607666,2.126241445541382
UNH,0.18049578368663788,2.1866846084594727,1.3745752573013306,-1.9285943508148193,-1.8714418411254883,1.0284408330917358,-0.13555219769477844
UNM,-0.40841221809387207,3.7819032669067383,-0.12752127647399902,-1.7460943460464478,0.17248065769672394,2.55358624458313,1.7669519186019897
UNP,-0.5440989136695862,2.062793016433716,-0.8696479797363281,2.980597496032715,-2.4301295280456543,-1.8554118871688843,0.37671130895614624
UPS,-0.22110515832901,3.917119026184082,2.040465831756592,2.2200686931610107,-0.8414013981819153,-0.4011399447917938,-0.5410947203636169
URI,1.3465315103530884,-0.8627797961235046,0.897844672203064,-0.802399218082428,-0.6606065630912781,0.1885349154472351,2.1223385334014893
USM,-1.333118200302124,-2.9058566093444824,2.4233357906341553,-1.6091241836547852,0.9033576250076294,-4.272068023681641,1.5760133266448975
USNA,-0.0246279314160347,-0.40381157398223877,2.775717258453369,0.5278866291046143,2.459859848022461,-0.4182381331920624,3.5937328338623047
UTL,0.3446885943412781,0.09717077016830444,2.750188112258911,2.083284616470337,-0.2815340459346771,0.6267244815826416,0.7629976868629456
V,0.6319672465324402,3.255176067352295,-1.7960236072540283,-2.286882162094116,-0.3900283873081207,-1.6868090629577637,1.5925638675689697
VALE,2.3566296100616455,-0.5987510085105896,0.48729246854782104,-0.16990597546100616,-2.8385541439056396,-0.5568390488624573,1.7804081439971924
VAR,-0.39020782709121704,0.8776857256889343,0.579931914806366,-0.8489270210266113,-0.5641287565231323,0.5759714841842651,0.47366127371788025
VERU,0.06271404772996902,1.893379807472229,1.5319401025772095,1.6325899362564087,1.3515698909759521,1.4490410089492798,2.7633934020996094
VFC,-0.7950082421302795,-0.8440608978271484,4.368605613708496,-1.3989744186401367,-0.04771370068192482,-1.0388524532318115,-0.2815060615539551
VFF,-0.58357173204422,-0.9891732335090637,-0.13193616271018982,-0.9084270000457764,-2.6205925941467285,2.5431978702545166,2.9777560234069824
VIAC,-4.767685413360596,-1.916916847229004,-0.7320777773857117,-1.6796660423278809,-1.0154868364334106,-0.6653788685798645,1.8532755374908447
VLO,-0.6515883207321167,2.243701934814453,0.7956424355506897,2.040954113006592,-3.484081745147705,-0.7546743154525757,-1.156113862991333
VMC,6.359678745269775,2.1222569942474365,6.21052360534668,2.166504383087158,2.1858580112457275,-1.2101554870605469,4.032315731048584
VOD,-2.3624978065490723,-1.488545298576355,0.5133278369903564,-0.9323756098747253,1.4951032400131226,-3.444333553314209,2.1059958934783936
VRSN,-1.014682412147522,-1.8835140466690063,-0.2668314576148987,-3.8716773986816406,-0.0615016333758831,-3.488517999649048,3.8615806102752686
VRTX,0.04728202894330025,3.317237377166748,0.7692481875419617,0.8664538264274597,0.776940107345581,1.4418174028396606,1.7101433277130127
VZ,-2.922367811203003,-2.496721029281616,1.288153886795044,-1.582006812095642,1.4787747859954834,-2.7749783992767334,2.6056602001190186
WAB,2.2227799892425537,1.708897590637207,3.2109568119049072,0.31031498312950134,0.8955685496330261,-1.4469830989837646,0.3972787857055664
WAT,-0.6094686985015869,0.9944198727607727,-0.24019956588745117,-2.1126415729522705,0.2666286826133728,1.000921368598938,2.720914602279663
WBA,-1.363161325454712,1.3236807584762573,2.955491542816162,1.4333982467651367,3.542109966278076,0.7363520860671997,4.14665412902832
WDC,-0.42635607719421387,-0.9365314245223999,2.7214436531066895,-0.48090222477912903,1.6779690980911255,-4.183984756469727,1.099793791770935
WDR,1.394236445426941,2.6483891010284424,-0.34072768688201904,-1.5151984691619873,-3.364774227142334,-1.307891607284546,0.06176230311393738
WEC,0.2515977919101715,0.12542183697223663,2.8846476078033447,2.0886752605438232,-0.270927757024765,0.6219211220741272,0.6842864751815796
WHR,3.261206865310669,-0.5878033638000488,2.2695703506469727,-2.2443697452545166,0.5390883684158325,-0.05833185836672783,4.880312442779541
WLTW,0.550041913986206,3.9562530517578125,-2.2503416538238525,-0.1028643250465393,0.8810659050941467,-0.07882306724786758,4.180811405181885
WM,-1.7314248085021973,1.962796688079834,2.046931505203247,-3.897400379180908,0.5638718008995056,-3.139756917953491,0.7790094614028931
WMB,0.173811674118042,1.828054666519165,2.891613721847534,0.6347721815109253,-2.919100761413574,-0.10929210484027863,-1.5540865659713745
WMT,-0.2796734869480133,0.025649799033999443,0.6143110394477844,0.1284722536802292,0.8855123519897461,0.5674026608467102,1.16973078250885
WRB,1.2727752923965454,2.131392002105713,-0.2862803041934967,-0.8608410954475403,1.2912558317184448,-0.6018844246864319,2.994483232498169
WST,-0.10220646858215332,2.0277748107910156,1.157745361328125,-2.591677188873291,-1.792378306388855,1.068320393562317,0.32557234168052673
WU,0.5824528336524963,3.1688144207000732,-1.828725814819336,-2.3115956783294678,-0.5291647911071777,-1.579858422279358,1.5928164720535278
WWE,-4.609388828277588,-2.0457324981689453,-0.5321505069732666,0.5750616192817688,0.06900832056999207,-0.09715208411216736,2.736067533493042
WYNN,-2.348109006881714,0.2055504471063614,-3.3174591064453125,-1.0939552783966064,-1.4369618892669678,-2.2684473991394043,3.093371629714966
XEC,-0.2480306327342987,-0.19422809779644012,1.9707679748535156,0.0342537946999073,-3.1658592224121094,-0.042946841567754745,-0.7910324931144714
XEL,-0.32846176624298096,0.3459399938583374,2.9641942977905273,2.063206911087036,0.4370388388633728,0.31446322798728943,0.63468998670578
XLNX,-0.6002187132835388,-0.03353080525994301,1.6452970504760742,-0.31395334005355835,-0.10831423103809357,-3.4307470321655273,-0.2666664123535156
XOM,-0.4520642161369324,0.4294463098049164,2.278226613998413,-0.30212363600730896,-3.8011021614074707,-0.03945252299308777,-1.2515767812728882
XRAY,0.003214180003851652,1.8201016187667847,1.296573519706726,-2.542950391769409,-1.9223204851150513,1.0590533018112183,0.17262530326843262
XRX,0.4530903995037079,0.20946113765239716,1.0027233362197876,1.4289897680282593,0.7205917239189148,-3.9619381427764893,0.6026462316513062
YORW,-0.07071130722761154,1.530132532119751,0.055666226893663406,1.791352391242981,-3.7801313400268555,2.4220690727233887,0.945893406867981
YUM,-0.5646959543228149,1.5781526565551758,-1.3772615194320679,1.7686691284179688,-1.9558783769607544,1.3176398277282715,2.3166775703430176
ZBH,-0.41124439239501953,0.8236682415008545,0.5141062140464783,-0.771058976650238,-0.5206516981124878,0.5358289480209351,0.5042021870613098
