Company,Embedding_Dim0,Embedding_Dim1,Embedding_Dim2,Embedding_Dim3,Embedding_Dim4
A,-0.98444581,-2.001506329,-1.678374887,-2.384308815,-0.760810792
AAL,1.170934439,-4.180463791,-1.888626337,-1.558532953,0.380895138
AAP,2.38304162,-4.057206154,0.638303936,-0.437526286,-2.142050743
AAPL,-3.583967447,-1.297430515,-0.007452087,-0.132551685,-0.285242021
ABC,-0.541675866,-1.971371055,-0.55381155,-2.174437284,-2.152651072
ABMD,0.303431123,-1.136804938,-0.742423594,-0.837080836,-0.733421743
ABT,0.278259218,-1.212483525,-0.833916843,-0.960424423,-0.727383077
ACN,-1.420132637,0.137852639,-0.83003062,0.007577687,0.184249759
ADBE,-3.561158895,0.576838613,-1.69453752,3.570154667,0.631763458
ADI,-3.28085494,-1.233374238,0.220957145,-0.226648346,-1.310825586
ADM,2.108380318,-3.23898983,-1.024833679,1.969302416,1.080623507
ADP,-2.540393829,0.24213779,-1.956670761,-0.731712103,-0.761670232
ADS,-3.051583529,0.483291358,-1.816283941,1.258551955,0.457946837
ADSK,-2.454853296,0.008891178,0.873128951,3.724737406,-2.545810699
AEE,-0.387189925,1.448556066,-2.202890158,1.376450777,-2.229807854
AEP,-0.83949852,1.457354546,-2.322788715,1.189981461,-2.217277288
AES,0.730987549,2.267317295,-3.668979645,2.81855011,-3.830591202
AFL,0.60250169,-1.52868247,-2.075638056,-3.134598255,-2.718085527
AGI,-1.977047205,0.930156589,-0.874426603,3.757974863,-1.192758203
AIG,-1.666727185,-0.017051501,-4.858710289,-3.134825468,-2.279400349
AIZ,-1.57508719,-0.004382426,-4.726016521,-3.103488684,-2.305015802
AJG,-1.519013166,-0.163356513,-4.810152531,-3.178601742,-2.208823919
AKAM,-5.247894764,0.820352972,-3.035022974,-0.005259347,-1.704992414
ALB,1.384159923,0.035427261,-1.520861626,0.677287221,-1.019713402
ALGN,-0.357233882,-2.563224792,-1.262786508,-2.33663106,-1.172473431
ALK,1.079007983,-4.007388115,-1.875412464,-1.604307532,0.236287981
ALL,0.764702618,0.506434977,-1.908335567,-1.14547348,-3.142948627
ALXN,2.916786432,-1.211759806,-1.565130115,-0.704799116,-2.954238415
AMAT,-4.258646965,-1.653444171,0.317602754,-0.322674125,-1.78636086
AMD,-3.251338482,-1.251668572,0.258863658,-0.172622427,-1.326748967
AME,2.990217924,0.706917346,-2.728465557,2.075890303,-1.328861475
AMGN,2.973706245,-1.235310316,-1.528420329,-0.563035548,-2.793453693
AMP,-1.793518424,-1.732575178,0.251420587,-1.991842747,-3.818851709
AMX,-4.792599201,-1.608467102,-1.654603481,-0.361692756,0.985321522
AMZN,-2.054247379,-1.290289283,-0.127402216,0.833349288,1.311894655
ANSS,-2.359038591,-0.059157073,0.9139871,3.73250556,-2.546013594
ANTM,0.266199619,-2.505885839,-1.542641401,-2.100698233,-0.763002217
AOS,1.226348281,0.520530999,-0.124215573,2.42095232,-3.581121206
APD,0.04960157,0.177366778,-6.72611618,-1.167836785,-0.882219255
APH,-4.364037991,-1.247816443,-2.314126015,1.966822743,3.116096497
ARTNA,3.06491375,-1.416591644,-1.894730926,3.736664772,0.317527741
ASH,1.448131561,0.05430574,-1.545089364,0.741643846,-1.183069706
ATNI,-3.667870045,0.923237145,-2.364235163,0.548375845,-0.501685977
ATO,0.886690795,1.837966681,-4.64831543,0.250620425,-3.2459023
ATVI,-1.927497149,-0.704538763,0.089830704,1.276218772,0.878213406
AUY,-1.881664872,0.933670938,-0.84875387,3.805018902,-1.256996632
AVGO,-3.351174593,-1.219028711,0.171438724,-0.199710116,-1.2976861
AVY,-0.752178371,-0.853125274,0.511464834,0.50679034,-1.089873314
AWK,3.049233913,-1.374346375,-1.82382226,3.718578577,0.228404328
AZO,2.287770271,-3.986278534,0.962094367,-0.208766147,-2.407179594
BA,-0.553821385,-3.288265944,-2.051004171,-1.886289358,0.569558799
BAX,0.116292909,-1.06016767,-0.684073567,-0.821207762,-0.616975605
BBL,-3.272351027,1.094638228,-0.814305067,3.090038538,-2.362773418
BCPC,1.335649252,0.012573015,-1.518489003,0.615718067,-0.972482324
BDX,0.235505357,-1.068880677,-0.719163656,-0.693176091,-0.625632048
BEN,-1.737519622,-1.853911638,0.186080307,-2.201761723,-3.963317633
BF.B,1.241516232,-0.828582823,0.10304451,5.96096468,-1.532859325
BG,2.839007378,-3.715166807,0.033522621,2.716889381,0.059194576
BGS,1.43623662,-2.032989979,-0.903898418,1.615211725,0.915970743
BIDU,-3.086282015,-1.471289158,-0.261389911,2.644861221,1.915963173
BIIB,3.067356586,-1.219969153,-1.627420306,-0.599576414,-2.955234051
BIP,-0.312938869,1.508300781,-2.308997869,1.365539193,-2.276309967
BKNG,0.026682131,-5.579912186,-0.525826097,0.450236768,2.222135305
BLK,-1.67243731,-1.794865012,0.270736605,-1.986246586,-3.70093894
BLL,-0.873321295,-1.353031158,1.183103323,1.180882335,-1.872776628
BMY,2.951714754,-1.202927351,-1.6102314,-0.718481719,-3.023611784
BP,2.674862623,0.569946647,-3.407446146,0.172103256,-2.885270119
BR,-1.831421733,0.12551555,-1.665806293,-2.27875495,-3.533385992
BRK.B,-2.102542162,2.171548843,-5.899065018,-2.021951437,-5.376618385
BSX,0.189613461,-0.891069353,-0.730674326,-0.624791324,-0.581825852
BTI,-1.632264495,-1.774947286,1.255341291,6.300702572,-1.142872334
BWA,4.181460381,-8.130206108,2.186011553,-0.578131258,-5.279582024
CAG,1.422119379,-2.131378651,-0.848919749,1.540616751,0.935147405
CAH,-0.400462806,-2.010471106,-0.531965017,-2.242891312,-2.344118834
CASY,1.197466373,-1.965064764,0.008439208,4.512218952,0.674854815
CAT,1.23200047,0.677421153,-0.126088634,3.544662237,-3.372866392
CB,0.800277591,0.432710171,-2.019051313,-1.200970173,-3.088078737
CCK,-0.816225648,-1.312864661,1.15488708,1.040371776,-1.758851528
CCL,-1.084099174,-5.366938591,-0.680296838,-0.562915146,1.922817588
CCOI,-5.878989697,-0.191733032,-2.342725277,1.394413233,0.576215088
CDNS,-4.319631577,-0.993846059,0.062569633,0.478604436,-1.435822248
CE,1.388962626,-0.046939638,-1.521657109,0.530053198,-1.144682765
CENT,2.959605932,-1.286791205,0.61894691,2.230343103,-2.890367031
CERN,-0.1476814,-4.080274105,-0.038912054,-3.760753155,-4.814954281
CF,2.562320471,-3.970375299,-1.284285188,2.173657656,1.231526852
CHD,1.669367909,-0.450121731,0.031482823,0.722832859,-3.717731714
CHRW,1.193152308,-2.86940074,-3.178181648,-2.17413187,-0.352593839
CI,-0.045999497,-2.54000783,-1.187104225,-2.00699091,-0.855543852
CINF,0.909398913,0.430020839,-2.124196291,-1.311914563,-3.26774168
CL,1.766544819,-1.119587183,0.987212181,1.481162906,-3.998507738
CLNE,2.845756054,-1.976831555,-2.014588118,-1.01498425,-1.472541928
CLPHY,-0.906482399,1.525550365,-2.262460709,1.183627486,-2.271107912
CLX,1.649970174,-0.403170139,0.082234539,0.801373363,-3.774579048
CMC,-2.814630747,0.937689364,-0.636169434,2.805657625,-1.957552433
CMCL,-1.937475443,0.927169085,-0.845975161,3.76631403,-1.233918071
CMCSA,-4.071436882,-2.780827999,-1.6330024,-0.78520143,2.039490223
CME,-1.330544353,-0.756355047,-1.371901512,-1.896182775,-1.497926116
CMG,1.491512179,-3.649778128,-0.877821147,1.37866354,1.409902334
CMI,1.181237221,0.738739669,-0.201858506,3.36741662,-3.505315065
CMS,-0.351590753,1.530959249,-2.281862259,1.42054677,-2.337889433
CNC,0.392893851,-2.701064825,-1.844150066,-2.229457855,-0.827780366
CNK,-2.357412338,-3.613099098,-1.016490102,0.555713475,2.569097042
CNP,-0.283027649,1.489000678,-2.283816814,1.447046161,-2.204241753
CNX,1.070455551,-0.024486873,-3.399289608,-0.834643841,-1.46209383
COG,1.127558589,-0.064024389,-3.497406483,-0.862407386,-1.428384781
COO,-0.364863187,-2.611088514,-1.265993357,-2.501121759,-1.296149611
COP,1.179694891,-0.041682746,-3.430032492,-0.726619124,-1.306896567
COST,0.106473915,-4.369788647,0.464358479,2.793817759,1.792643309
CPB,1.508701801,-2.06956768,-0.879089355,1.630002618,0.84470886
CPE,1.100534201,-0.116952047,-3.409617662,-0.856724977,-1.308246255
CPRT,-1.082199335,-2.00933671,1.515608191,1.222514749,-1.99899292
CPYYY,-0.306903154,1.520085216,-2.261481285,1.393785715,-2.382067919
CRM,-4.702913761,0.131315261,-1.203332663,2.67419672,0.473517835
CSCO,-3.996414423,-1.163315892,-2.067802668,1.976248741,2.93360734
CSX,1.998965144,-4.317903519,-0.495488256,-1.135861397,-0.910677135
CTAS,-1.152772546,-2.072602272,1.543702841,1.221023798,-1.871541023
CTL,-4.942861557,-0.512055218,-2.052326918,0.576777399,0.787564814
CTSH,-0.946971834,-0.16464065,-0.499440014,-0.607240677,-0.174379304
CTXS,-5.698201656,0.096461788,-1.467841983,1.755532742,-0.591906965
CVS,-0.150798976,-2.434853792,-1.198109627,-2.039313555,-0.845425606
CVX,1.771073341,0.002690186,-3.860966444,-0.781095922,-2.034139633
CWCO,3.021938086,-1.480827212,-1.728015184,3.579715729,0.238428697
CXO,1.171603918,-0.111615278,-3.424945354,-0.764145613,-1.328278303
DAL,1.03017664,-3.92837429,-1.873136282,-1.597223759,0.259246975
DAR,2.837203979,-3.108716726,-0.113285109,2.632822514,-0.117979854
DE,3.164834499,-4.971843243,-2.159259796,2.473994255,1.772192717
DEO,1.130586267,-0.74207896,0.051698193,5.954711437,-1.399498463
DGICA,0.782042146,0.474316835,-1.904818058,-1.195200443,-3.264430523
DGX,-0.00668491,-2.459367752,-1.2310251,-2.015811205,-0.831762373
DHI,1.111978054,0.616028488,-0.190046057,2.151428223,-3.784060717
DHR,0.232424438,-1.297695994,-0.895639241,-1.018821716,-0.771249056
DIS,-3.228650331,-3.898175716,-1.164939404,0.157135755,2.714467764
DISCA,-3.341986895,-3.140729427,-1.54723084,0.014015377,2.553536415
DISH,-3.488449335,-3.282880783,-1.695028663,-0.281397194,2.446476698
DLTR,1.47282505,-2.897248745,-0.299405068,4.499288559,1.161994457
DOV,0.026654977,-0.61239028,-0.142668277,0.554413378,-0.530753613
DPZ,1.394967198,-3.647232056,-0.734698534,1.47078228,1.403395653
DRI,1.413692832,-3.580838203,-0.760991871,1.41959393,1.361374259
DTE,-0.321951389,1.508255124,-2.250664473,1.373086929,-2.355183125
DUK,-0.933108509,1.542776823,-2.315112352,1.205591083,-2.215437174
DVA,-0.042851731,-2.659217596,-1.163971066,-2.04051137,-0.975639522
DVN,1.121327043,-0.177452564,-3.435127974,-0.8826648,-1.33263576
DXCM,0.192030475,-1.113312483,-0.735746622,-0.828417122,-0.588249862
EA,-2.478619576,-1.708076239,-0.628777027,2.551724434,2.401968718
EBAY,-1.419176102,0.087371163,-2.701339245,3.157857656,2.137639761
ECL,1.416438699,-0.013087805,-1.567220569,0.669962406,-1.103930593
ED,-0.265416801,1.494905829,-2.262914419,1.451067448,-2.287785053
EFX,-3.439781189,-0.817239761,0.465946287,-0.029616112,-4.044328213
EIG,0.776855946,0.480457306,-2.079068184,-1.236055136,-3.278408766
EIX,-0.848794043,1.552649379,-2.36196661,1.249189019,-2.299450397
EL,0.227899224,-2.792455196,2.248028755,1.934538126,-3.392079115
ELP,-0.977750778,1.520743847,-2.336250305,1.246404052,-2.213289261
EMN,-1.670501113,-2.508732796,2.08093977,2.530772924,-2.553090811
EMR,3.048714161,0.653217971,-2.706309557,1.892150879,-1.495592117
ENIA,-0.841674328,1.512919307,-2.33710289,1.304112673,-2.145831108
EOG,1.051257372,-0.052669741,-3.383487225,-0.814506054,-1.376429677
EONGY,-0.20535779,1.45644033,-2.274590015,1.329532743,-2.276068687
EPD,1.672669649,-0.959195673,-3.829338789,-1.464559913,-1.383854628
EQT,1.134173036,-0.131045833,-3.479137659,-0.866580367,-1.362914681
ERF,1.118213415,-0.081729569,-3.37955761,-0.756045341,-1.301265478
ES,-0.888264239,1.55807662,-2.304538727,1.232156277,-2.184048176
ETR,-0.8831442,1.577529788,-2.336658716,1.23921454,-2.353932142
EW,0.101016589,-1.077800632,-0.733045936,-0.771576703,-0.571337938
EXC,-0.89485395,1.552420735,-2.383183002,1.252658486,-2.359527349
EXPD,1.177143574,-2.828229904,-3.22763896,-2.178272963,-0.317307085
EXPE,-0.035765529,-4.04803133,-1.542287588,-0.325995833,1.982799292
F,3.415455341,-4.668321609,1.048271179,0.368338555,-2.921289921
FAST,0.490061492,-0.359627932,0.158154473,1.849939942,-0.945270419
FCX,-3.065956831,1.102388501,-0.769114196,3.23894453,-2.282969475
FDP,2.083579779,-3.106980562,-1.116673112,1.396713495,0.996245384
FDS,-1.407575846,-0.668227911,-1.374543428,-1.89175868,-1.493772864
FDX,1.208958745,-2.767449379,-3.030073404,-1.976945877,-0.188306347
FE,-0.911983252,1.533751011,-2.302926302,1.286678553,-2.263379097
FFIV,-4.614871502,0.288086474,-1.928902984,0.843795419,-0.463060826
FIS,-1.899237275,0.287798375,-1.846733809,-2.290474176,-3.61098671
FISV,-1.763139009,0.148108259,-1.575737476,-2.212806225,-3.571689129
FIZZ,1.797692657,-2.361275434,-1.227726936,1.994993925,1.059462309
FLIR,-5.911804676,-2.608230829,0.252739102,-1.065774918,-2.440936804
FLO,1.480920672,-2.081059456,-0.897027135,1.527731538,0.929893672
FLS,0.022127707,-0.645561159,-0.107078873,0.526794314,-0.605822623
FMC,2.712529659,-3.870218039,-1.453032136,2.260062933,1.253671169
FNF,0.868846357,0.487672836,-2.025614738,-1.193108439,-3.287130117
FSI,1.376330853,-0.005222506,-1.518895626,0.600894392,-1.017337799
FSM,-2.251302242,1.121283054,-1.116376877,4.530691147,-1.358724713
GASS,2.613283873,-2.333191633,-2.210343361,-1.549935341,-1.550558209
GD,-0.584075332,-3.277690649,-2.068411112,-1.895876884,0.560107768
GE,-0.457156807,-1.165955305,0.61366272,0.736367047,-0.690607131
GILD,2.867164135,-1.204683185,-1.4416641,-0.579245567,-2.821113348
GIS,1.38857758,-1.936748624,-0.783883035,1.519426942,0.794460058
GL,0.612801731,-1.5941993,-2.08524251,-3.116052151,-2.596027374
GLP,2.5579772,-1.935813785,-2.280435085,-1.392959952,-1.57640624
GLUU,-3.814139605,-3.32777667,0.400218368,2.746439219,2.369147301
GLW,-5.01850462,-1.650815964,-0.175419718,0.263041645,-0.389106154
GOOGL,-3.998734951,-0.643716156,-0.334260672,1.811146498,0.786111772
GPC,2.307009697,-4.517219067,1.593489766,0.073678292,-3.130844116
GPK,-0.733672976,-0.79358381,0.467498094,0.470792621,-1.02452445
GPN,-1.894616127,0.122065969,-1.692848086,-2.312295198,-3.531179428
GPRE,2.850241184,-1.9488585,-2.077443123,-1.07504046,-1.568960309
GPS,-4.873901367,-4.405578613,1.638874888,0.389963776,-0.164243057
GRMN,-7.954301357,-6.733600616,1.35053122,0.813917935,1.638143897
GSS,-2.018753052,0.963771462,-0.862941325,3.85690093,-1.268229961
GTN,-3.168131113,-2.919028997,-1.557398438,0.127253175,2.389080048
GWW,0.54933244,-0.385464996,0.175800055,2.010447264,-1.008034587
HAIN,1.331891179,-1.990782976,-0.874250829,1.550843716,0.939531863
HAL,1.327519417,-0.039911252,-3.903958559,-0.991578162,-1.83822298
HAS,-3.483048201,-5.386724472,-0.406162858,1.221075058,3.377456427
HBI,-2.4941082,-2.627668858,1.616641402,1.06025219,-1.28474164
HD,0.727466106,-0.212713152,0.507689595,0.973204851,-5.425793171
HES,1.017527342,-0.130735442,-3.269133329,-0.828528285,-1.270164967
HFC,2.936212301,-2.104275227,-1.986631036,-1.037153602,-1.486263275
HHS,-3.78002429,1.153022051,-6.156433105,5.348409176,3.248733759
HIG,-1.692596078,-0.131571129,-4.832565308,-3.231824636,-2.196083307
HLF,1.893326759,-2.610152245,0.793712318,2.738749027,-0.374356359
HOG,2.971724987,-5.129011154,1.198355794,-0.261821121,-2.964529276
HOLX,0.15105398,-1.029740214,-0.664758086,-0.664455652,-0.583541572
HON,-0.39007929,-1.1551373,0.590993345,0.696781874,-0.695921481
HPQ,-3.605502367,-1.351326346,0.090937078,-0.275018662,-1.263396502
HRB,-5.180465698,0.76655525,-0.884188294,0.41312775,-6.333287239
HRL,1.40430212,-2.069620848,-0.836317241,1.524358988,0.836601973
HSIC,-0.367481619,-2.111611605,-0.593853176,-2.244235516,-2.190009117
HSY,1.397240996,-2.102956772,-0.809365034,1.507523894,0.859991491
HUM,0.390559971,-2.608598232,-1.59194541,-2.170264721,-0.895114005
HWKN,0.055845924,-3.264249086,-3.474018335,-1.33084178,1.307646394
IAG,-2.010429859,0.987072527,-0.93938154,3.79847002,-1.237560272
IBM,-2.471660137,0.388324797,-1.758167148,-1.628200889,-2.401203871
ICE,-1.321649313,-0.600536823,-1.243747473,-1.706514835,-1.510417223
IDXX,0.320458472,-1.262112975,-0.744431496,-0.835211933,-0.636596382
IEX,0.024002526,-0.670746744,-0.08365497,0.574253023,-0.546687484
IFF,1.484847784,-0.023722265,-1.73028934,0.658701897,-1.059741259
ILMN,-0.800778091,-1.962350488,-1.61389637,-2.305937529,-0.69530189
INCY,2.734742403,-1.145436645,-1.41347611,-0.602884769,-2.885831833
INT,2.708432913,-1.927056074,-1.970007658,-1.046493649,-1.454240203
INTC,-3.469154596,-1.306632042,0.215105817,-0.195852011,-1.344697475
INTU,-1.801551819,0.654839098,-1.292398572,-1.332238793,-2.675803185
IO,1.373633981,-0.135661677,-3.797358513,-0.952788472,-1.746211648
IP,-0.763854086,-0.853925645,0.542141438,0.49519524,-1.110483885
IPG,-3.880619526,1.189536572,-6.143558979,5.219858646,3.204665661
IPGP,-3.332428932,-0.774496555,-0.744790435,0.701439977,1.110493422
ISRG,0.24498941,-1.205685735,-0.786293745,-0.827647209,-0.692429185
IT,-2.216541767,-0.05112474,-0.613707066,0.391405851,0.157616094
ITW,0.049861167,-0.660929501,-0.08038567,0.532983065,-0.621358037
IVZ,-1.681252241,-1.739747047,0.158503562,-2.129709721,-3.729415417
J,1.926170468,0.511141598,0.553321242,5.55439949,-6.679663181
JBHT,2.96757102,-3.977047443,0.337439001,-0.317723721,-2.354711533
JCI,1.236408234,0.563056648,-0.135407105,2.415651798,-3.596163511
JKHY,-1.872084856,0.258584201,-1.670688748,-2.188802719,-3.488306999
JNJ,2.968904495,-1.195332766,-1.62977159,-0.681203306,-3.049883127
JNPR,-4.077442169,-1.263055921,-2.127229452,1.987722158,3.076309919
JSAIY,-0.235866323,-2.443237066,1.126938939,1.908985734,0.523231089
JWN,-3.525387526,-4.186966419,2.496307135,0.065081567,-3.571962833
K,1.520512104,-2.178144455,-0.856056631,1.667634249,0.886331856
KEP,-0.81827414,1.521881104,-2.300044537,1.310658932,-2.26973772
KLAC,-4.347980499,-1.595606089,0.243146703,-0.283162743,-1.818308353
KMB,1.742025852,-1.126329422,1.052860022,1.415472746,-3.846206188
KMX,2.292122841,-4.102879524,0.722874343,-0.471094638,-2.187948704
KO,1.763676167,-2.260506153,-1.203465939,1.960151792,1.018753886
KR,0.584994972,-2.168292999,1.019504905,1.396510243,-0.041600265
KSS,-3.415348291,-4.234182835,2.46638751,-0.066464804,-3.638012648
KSU,1.969488144,-4.259489059,-0.515571117,-1.077587962,-0.822300255
KT,-4.159583569,-1.787510991,-1.371643782,-0.068568334,1.456159472
L,0.68562597,0.433580637,-1.889113069,-1.197878122,-3.072945118
LB,-0.191990614,-3.40188694,2.238966227,0.727565229,-2.700802326
LBTYA,-5.328929901,-1.337180614,-2.097599506,0.167966247,1.307736754
LDOS,-3.76328373,-1.219496846,-2.005316973,-2.378457069,-1.007373095
LEG,0.468659371,-0.512324333,0.435780764,0.12273366,-5.407355785
LEN,1.112345815,0.634154499,-0.235156909,2.165811777,-3.706110954
LH,-0.104817845,-2.522936583,-1.230165958,-2.008660316,-0.859517753
LKQ,2.415279627,-4.560679436,1.546246767,0.014315989,-3.089160442
LLY,2.89712286,-1.178741693,-1.586797714,-0.715392709,-3.011048317
LMT,-0.589725435,-3.271366835,-2.147415161,-1.901198149,0.595845044
LNC,0.601699233,-1.634984016,-2.156337261,-3.309999704,-2.775780439
LNT,-0.800060272,1.544761658,-2.360566139,1.256254554,-2.386068583
LOW,0.783359587,-0.120884873,0.442040652,1.042410493,-5.451791763
LPX,0.034835808,-2.811368227,-3.817460775,-1.003715038,1.533074021
LRCX,-4.309846878,-1.639499426,0.241630495,-0.306664616,-1.729201436
LUV,1.123311281,-4.13654232,-1.924553394,-1.671038151,0.277201682
LYV,-1.521202683,-1.631898999,-2.007488489,2.009428501,2.922881603
MA,-2.007776022,0.218925685,-1.784341455,-2.301970482,-3.460236073
MAR,-1.748937249,-4.764503479,-0.909516275,0.378352731,2.587031841
MAS,1.325369358,0.498908788,-0.114249825,2.328307629,-3.581842899
MBT,-4.210250854,-1.451609254,-1.513757229,-0.497879028,0.8007465
MCD,1.343825102,-3.379005432,-0.690145254,1.35503757,1.340566039
MCHP,-3.538047314,-1.300320983,0.196797729,-0.250299543,-1.382151723
MCK,-0.39376387,-2.127356052,-0.545641899,-2.196957111,-2.09940052
MCO,-1.46446228,-0.656621754,-1.497295499,-1.950118303,-1.619634867
MDLZ,1.468433142,-2.136450768,-0.904433906,1.605975032,0.915035009
MED,1.875195026,-2.581311703,0.789524555,2.892881632,-0.376646817
MET,0.508175969,-1.602000594,-2.003645897,-3.208888769,-2.659760237
MGEE,-0.831939757,1.451681495,-2.183549404,1.267451286,-2.121246815
MGM,-2.154156446,-5.578564167,-1.079201937,-0.550777078,2.398367405
MHK,0.140972719,-0.547457695,0.587416291,-0.001031199,-5.484002113
MKC,1.407813668,-2.103461504,-0.895654559,1.51350224,0.944584548
MKTX,-1.332423329,-0.758605659,-1.293345809,-1.833551049,-1.473512173
MLM,5.682035923,1.347509384,-2.321595192,6.170895576,-7.523064137
MMC,-1.547351837,-0.11805173,-4.748389244,-3.204955578,-2.376340389
MMM,-0.457719088,-1.06673944,0.558709741,0.68960768,-0.710927188
MNST,1.67102325,-2.190934658,-1.10563314,1.869128823,0.993413866
MO,0.530369401,-1.504616976,0.737508833,6.935401917,-1.703561783
MRK,2.873958826,-1.230575323,-1.48235774,-0.662829041,-3.014093637
MRO,1.191763401,-0.114640616,-3.435806036,-0.73939842,-1.315310836
MRWSY,1.220314384,-2.604743242,0.018587412,3.601015568,0.885888338
MSCI,-1.429497123,-0.792342961,-1.414164543,-1.956096292,-1.480199814
MSEX,3.003437281,-1.397718787,-1.765038729,3.70515871,0.31193924
MSFT,-3.452755213,-0.905523121,-0.345456362,1.196712255,1.196031928
MSI,-3.859275341,-1.191397071,-1.910355687,1.840773702,2.787931204
MTD,-0.858806133,-1.957071185,-1.626553774,-2.270447493,-0.754335046
MTRN,-3.156149864,1.031089664,-0.721527755,2.992520571,-2.396234989
MU,-3.314436436,-1.20999217,0.231467068,-0.125094131,-1.269406438
NAT,1.792480826,-1.453388691,-3.54974699,-1.576536775,-1.328481317
NBL,1.089715958,-0.156104177,-3.38545537,-0.828129411,-1.329503417
NDAQ,-1.457527399,-0.840555191,-1.464587927,-2.012982368,-1.558786392
NEE,-0.911636651,1.575981736,-2.329790115,1.253256083,-2.362006903
NEM,-1.949643493,0.929988921,-0.891624451,3.748851538,-1.133765578
NEWT,-1.687793374,-1.738375068,0.215173081,-2.123166084,-3.871966839
NFLX,-3.334509373,-3.664698362,-1.125201225,0.428751945,2.738498926
NGG,-0.289574444,1.432478786,-2.1864779,1.313693404,-2.220643282
NGS,1.462893009,-0.140840665,-3.79600811,-1.025390029,-1.773203731
NI,-0.130803317,1.463225961,-2.225685835,1.37236464,-2.412844419
NKE,-4.61794281,-5.208189487,1.539303064,-0.030990791,0.023213299
NLOK,-6.244606018,0.366529942,-2.800084352,-0.275802702,-2.237181187
NNA,2.144262552,-1.58313632,-3.488418579,-1.648696899,-1.62416482
NOC,-0.639524877,-3.457868338,-2.108394384,-2.0286057,0.535760403
NOV,1.373450398,-0.127316803,-3.870182037,-1.103857636,-1.896922588
NRG,-0.921902061,1.540825129,-2.269662142,1.26741159,-2.177522898
NSC,1.950616837,-4.450349331,-0.554852545,-1.196717143,-0.824190855
NTAP,-2.80588603,0.221514583,-0.772110343,0.505679727,-0.475962192
NTES,-3.412228823,-2.722934008,0.372805983,2.936719418,2.155172586
NUE,-2.717682123,0.936656773,-0.655738413,2.750315189,-1.88350153
NVDA,-3.313959122,-1.290683031,0.22089693,-0.234679371,-1.321531773
NVR,0.040878613,0.523704886,-0.298755765,0.014329413,-2.389466524
NWL,2.345414639,1.035338521,-2.78437829,0.215987876,-5.755666256
NXST,-2.6503582,-1.47071743,-1.309601426,1.430008292,2.326160431
NYT,-7.973066807,-5.42820549,0.428888798,3.222737551,3.50187254
ODFL,2.972964525,-3.951237679,0.349011064,-0.255213737,-2.359778643
OGE,-0.850879252,1.581865072,-2.327459097,1.324262738,-2.274003983
OII,1.400001407,-0.10209664,-3.890034199,-0.945549488,-1.795145631
OKE,1.606500864,-1.004100204,-3.818718195,-1.402361393,-1.17201221
OMC,-3.848140478,1.208382964,-6.284351826,5.208875656,3.281901836
ORAN,-5.057771206,-0.877004087,-1.695435047,0.279822677,0.610147476
ORCL,-5.611215591,0.446129799,-2.084730625,0.673453629,-1.917668819
ORLY,2.306026459,-3.81303525,0.944200277,-0.093268357,-2.346665859
OXY,2.662777662,0.47011444,-3.307097673,0.090902351,-2.786417246
PAAS,-2.25945878,1.131467938,-1.101617932,4.520664215,-1.353685975
PAYX,-1.611910939,0.382123947,-1.465903044,-1.339066386,-2.073440075
PCAR,0.983097374,0.72661674,-0.086104758,3.561578751,-3.495415449
PEG,-0.275931805,1.502129197,-2.272232294,1.424591541,-2.214779854
PEIX,2.935660124,-2.077430248,-2.06498003,-1.128178,-1.59811902
PEP,1.731312275,-2.256146908,-1.182269335,1.95824945,1.040859699
PFE,2.946570158,-1.265057921,-1.531028628,-0.672504961,-3.00174284
PFG,0.515037477,-1.569394469,-2.052308321,-3.260092258,-2.772530317
PG,1.050099611,-1.383628726,1.30196166,0.906520128,-3.780409336
PGR,0.729679763,0.508130252,-2.045081854,-1.290718913,-3.317102671
PH,-0.072585426,-0.696048439,-0.05954051,0.480756581,-0.544890285
PHM,-0.019895904,0.538460255,-0.314999759,-0.001062287,-2.326359749
PKG,-0.751112521,-0.812227845,0.517160654,0.533528864,-1.143147111
PKI,-0.817701221,-2.030535936,-1.672191739,-2.302671194,-0.790872395
PKX,-2.711571455,0.940997899,-0.656363785,2.809963226,-1.965012193
PM,-1.560720205,-1.704868078,1.168166995,6.131958485,-1.038605094
PNR,-0.07972642,-0.683559,-0.070152715,0.471682698,-0.562434256
PNW,-0.928794146,1.484002829,-2.205980778,1.21152997,-2.152984619
POR,-0.855261147,1.60136497,-2.374062061,1.333720565,-2.374999762
PPG,1.497664213,0.005023083,-1.551292419,0.706172168,-1.122207642
PPL,-0.92751044,1.578719139,-2.38431406,1.285866857,-2.245112896
PRGO,3.127697229,-1.35070312,-1.552665472,-0.589999437,-3.059618711
PRU,0.68116045,-1.671870708,-1.98821497,-3.203341722,-2.729257345
PSMT,0.269123644,-4.562022209,0.265832335,1.847110987,1.686499
PVH,-2.46890378,-2.764166594,1.672502875,1.0392555,-1.235851049
PWR,1.972113132,0.496114254,0.497673661,5.529364109,-6.649083138
PXD,1.097519755,-0.132688299,-3.54709053,-0.798244715,-1.291223764
QCOM,-3.400629997,-1.239532113,0.186098531,-0.23448734,-1.419923902
RAD,2.466121435,-2.340037346,1.685683489,1.735407829,-4.007210732
RCL,-1.074747682,-5.479958057,-0.691374838,-0.519713342,1.985572457
RE,-3.005014896,0.164294824,-6.791955471,-4.510846615,-3.424194336
REED,1.761038899,-2.331450462,-1.202296376,1.959946513,1.092036843
REGN,2.845850706,-1.182843566,-1.376002431,-0.408241063,-2.752449989
RHI,-3.372848988,1.407727003,-4.128271103,0.182461023,-1.183484793
RL,-2.569761753,-2.677507401,1.64885819,1.145674825,-1.251032472
RMD,0.071086735,-0.890206218,-0.65092802,-0.586980104,-0.519057512
ROK,3.121969223,0.777756274,-3.130759954,2.136787891,-1.527064085
ROL,-3.396656752,-1.862575769,1.999661803,3.148403168,-3.277909279
ROP,-0.424341172,-1.084087729,0.563975453,0.725836217,-0.689281166
ROST,-2.275659561,-2.140178919,1.688494325,-0.233345881,-3.74864769
RPM,1.634180903,0.002302268,-1.740611672,0.71300751,-1.185618043
RSG,-2.615447998,-1.110207677,0.965212107,5.653787136,-1.030141115
RTX,-0.625862956,-3.351232767,-2.21895957,-2.051390171,0.50084722
SAM,0.839527249,-0.449056625,-0.565868795,6.408212185,-0.954632938
SBOW,1.051757336,-0.07515277,-3.540413857,-0.83864975,-1.30316627
SBUX,1.40792048,-3.681701899,-0.785276175,1.444782615,1.461440086
SCCO,-3.083195925,1.087865949,-0.802812636,3.171753645,-2.188774824
SCL,1.498314619,0.072137736,-1.619597077,0.780018628,-1.062022805
SEE,-0.65966475,-0.778596103,0.457100898,0.477835834,-1.040203094
SEIC,-1.691002011,-1.816082597,0.241355047,-2.117359877,-3.8603971
SFTBF,-3.026992798,-0.960077226,-0.188034445,1.04411447,0.93993324
SHW,1.417863846,-0.034117185,-1.483485222,0.658926308,-0.913510799
SINA,-2.795120716,-1.697579622,-0.117237151,1.956296206,1.86287117
SIRI,-3.623589993,-2.108165026,-1.686358929,-0.764338255,1.634993911
SJI,1.02037394,1.8708601,-4.872530937,0.232942045,-3.431667805
SJM,1.393245935,-2.116449594,-0.845979333,1.587920904,0.896821082
SJR,-4.836690903,-2.492419481,-1.660699964,-0.748169601,1.585725904
SKM,-3.388160229,-0.600825548,-0.573689461,1.320175648,0.925137103
SLB,1.440943599,-0.042903274,-3.94205451,-0.920914233,-1.829275489
SLF,0.496813983,-1.621554255,-2.203070879,-3.25801301,-2.713666916
SLGN,-0.754308224,-1.251481533,1.12072742,1.105935574,-1.694962382
SMG,2.633794308,-3.864542723,-1.390414596,2.287994862,1.265270948
SNA,-0.092436269,-0.66516,-0.097213253,0.522126615,-0.556003988
SNPS,-2.81645155,-0.069008179,-0.625654995,1.717309713,-0.852378964
SO,-0.804011047,1.560221076,-2.321069002,1.298283577,-2.381482601
SOHU,-3.798533201,-3.169342518,0.047075685,2.124859571,2.533631563
SPGI,-1.270182133,-0.698699236,-1.418448091,-1.886176825,-1.429631829
SRE,-0.336803287,1.50549221,-2.165113449,1.392327785,-2.398092985
SSP,-3.090655327,-2.856352568,-1.512776256,0.072153956,2.346958399
SSRM,-1.943922281,0.969623566,-0.940552115,3.951156855,-1.246861696
STC,0.942771018,0.437959343,-2.036264181,-1.153323412,-3.068984747
STE,0.209521011,-1.04471755,-0.677708387,-0.703876853,-0.628563464
STKL,1.401166201,-2.133093357,-0.8347103,1.520609856,0.949519217
STX,-4.626888752,-0.814486384,-0.639972925,0.525396347,-0.577364922
STZ,1.056999564,-0.708569467,0.010078357,6.050460339,-1.373484492
SWK,-0.041016672,-0.712192059,-0.027503407,0.52972436,-0.547605157
SWKS,-3.370379925,-1.297540188,0.242325783,-0.195593551,-1.264067531
SXT,1.480348587,-0.022836469,-1.636913896,0.698664129,-1.11547029
SYK,0.389800161,-1.352831006,-0.758923948,-0.985273182,-0.773239076
SYY,1.347390771,-5.991800308,0.113681085,1.906865239,1.690914989
T,-3.49397397,-1.165102959,-1.19097352,0.628651321,1.556542397
TAC,0.840552986,2.244408846,-3.747900009,2.853322744,-3.81645751
TAP,0.823261857,-0.508702397,-0.527909279,6.486839294,-0.96886313
TCEHY,-2.933224916,-1.929992437,-1.059212804,1.927159309,2.702241421
TDG,-0.508935094,-3.243111134,-2.095179081,-1.971870303,0.471019775
TDS,-5.041692734,-2.04635191,-0.521654487,0.467256933,0.965139747
TEL,-3.364245892,-0.69587326,-0.696692824,0.856437266,1.260748267
TELNY,-3.743635178,-0.544983625,-1.484376311,1.070800543,1.339534998
TFX,0.352221668,-1.344306111,-0.788178027,-1.039212227,-0.791341841
TGNA,-2.496612787,-1.41612792,-1.473173022,1.165959716,2.292483568
TGT,1.474494338,-3.000593185,-0.297118127,4.475791931,1.253001809
THS,1.468596578,-2.117213964,-0.894260108,1.557864785,0.908746123
TIF,-0.694480479,-5.917179585,1.89742732,0.250873566,-0.857066095
TJX,-2.935474634,-3.629675627,1.828620791,-0.376615047,-2.454900503
TMO,-0.786397755,-1.904156804,-1.751113415,-2.379957676,-0.892338753
TNK,1.858882308,-1.128258824,-3.46248126,-1.486601114,-1.462064266
TOT,2.826366901,0.584771991,-3.482228756,0.252077788,-2.936216593
TPR,-2.666100979,-2.766808748,1.718490124,1.200968742,-1.331812739
TROW,-1.676684499,-1.845847726,0.208329588,-2.131794214,-3.761511803
TRV,0.790393889,0.484319687,-2.036144733,-1.19510591,-3.151817083
TSCO,1.529574633,-4.724657536,1.118361115,2.299870968,0.453892797
TSN,1.416326165,-2.078757048,-0.883616269,1.520831943,0.944291115
TT,1.231084347,0.5947721,-0.277613819,2.12742734,-3.517443419
TTWO,-3.100886583,-3.452454805,-0.148661628,2.237591267,2.686300993
TU,-3.925028086,-1.376103163,-1.41870451,-0.108547278,1.154534698
TXN,-3.494465828,-1.344019532,0.22537306,-0.218356341,-1.281058669
TXT,-0.574759126,-3.287345648,-2.12597847,-1.974717498,0.533350706
UAA,-2.597571135,-2.773609638,1.676975012,1.036013842,-1.292249441
UAL,1.116689086,-4.042604446,-1.986755133,-1.63097918,0.337121367
UHS,1.730871916,-2.977103233,-3.525119781,-4.126912117,-3.7662642
ULTA,-0.659037709,-3.967067003,2.536647558,1.521304965,-2.898005962
UNFI,0.731517851,-5.054859638,0.494437128,2.714670658,1.802304983
UNH,0.273933321,-2.738061428,-1.660612822,-2.182079554,-0.720881402
UNM,0.474576026,-1.642272115,-2.02656126,-3.176909447,-2.609287024
UNP,1.963854313,-4.249468327,-0.440850616,-1.067411661,-0.90990454
UPS,1.229697466,-2.841588259,-3.148665428,-2.107512712,-0.273906291
URI,0.484598577,-0.36876142,0.151683167,1.939800382,-1.006474972
USM,-5.367208481,-2.865644932,0.10475719,0.686221778,0.977452278
USNA,0.863061965,-2.388284683,1.95879662,2.449129105,-3.611565113
UTL,-0.270745426,1.46301496,-2.219696999,1.369615912,-2.211652994
V,-1.881252289,0.191105038,-1.625990272,-2.210580349,-3.587511301
VALE,-2.590374947,0.966445088,-0.708492219,2.781792402,-1.81690979
VAR,0.148459509,-1.124775171,-0.727895141,-0.864766061,-0.749390662
VERU,2.630974293,-1.395401955,0.184852615,0.872411907,-2.742192984
VFC,-2.578825951,-2.716272354,1.636891365,1.027067661,-1.265007138
VFF,2.286178589,-2.820518494,-1.192907214,1.839056492,0.897774458
VIAC,-2.694565773,-2.277683496,-0.992542863,0.122197375,1.909674525
VLO,2.807088852,-2.018780231,-2.070220232,-1.097251177,-1.435564041
VMC,4.995105267,0.782965362,-1.363780737,5.457520008,-7.055958271
VOD,-4.473139286,-1.953484058,-1.27223444,-0.742912352,0.790632308
VRSN,-5.499956608,0.759990275,-3.423585176,-0.198568508,-1.389440536
VRTX,2.901467085,-1.152845979,-1.479150534,-0.446775794,-2.811396837
VZ,-4.91409111,-1.006168842,-1.973897576,-0.107544988,0.58643508
WAB,1.224013209,0.739042938,-0.257678658,3.545397758,-3.418029785
WAT,-0.868889451,-2.012218237,-1.629490137,-2.235085487,-0.592767537
WBA,2.086754799,-2.130142212,1.449833035,1.095633149,-3.701098442
WDC,-4.607195377,-1.773848176,0.01834126,0.4853127,0.025120381
WDR,-1.68882513,-1.886346817,0.245329231,-2.104451418,-3.675773859
WEC,-0.266528457,1.440949559,-2.222777128,1.349569798,-2.261697531
WHR,3.180383682,-1.012003303,0.098477714,1.263804674,-5.35176754
WLTW,-1.462976813,-0.063145161,-4.624005795,-2.970045805,-2.249424219
WM,-2.586849451,-1.072517633,0.893454909,5.49557066,-1.010626435
WMB,1.605277181,-0.955286026,-3.630439043,-1.363440633,-1.225886106
WMT,0.217259496,-0.849827588,0.780296087,0.586958766,-0.463736862
WRB,0.780059814,0.452781975,-1.99884367,-1.159351826,-3.134958029
WST,-0.351914465,-2.599959135,-1.234182477,-2.374380112,-1.262133121
WU,-1.919077039,0.198572561,-1.575724363,-2.212317944,-3.782705784
WWE,-2.057374716,-3.562800646,-0.930259943,0.946543694,2.920865536
WYNN,-2.223169327,-5.547032833,-1.037060142,-0.632063091,2.346155643
XEC,1.174109221,-0.099844061,-3.378082275,-0.743386805,-1.332137108
XEL,-0.817911386,1.478303075,-2.312315464,1.213284254,-2.221617937
XLNX,-3.403882504,-1.307824612,0.227308214,-0.211841196,-1.304975033
XOM,1.763913035,0.060678937,-3.866744518,-0.823628604,-2.130312681
XRAY,-0.507820189,-2.333040476,-1.227461338,-2.344601393,-1.244038343
XRX,-2.891334534,0.378647923,-0.331495017,0.964525819,-1.237461805
YORW,3.043051243,-1.4399122,-1.717808008,3.669474125,0.202761263
YUM,1.476455808,-3.489785194,-0.818516791,1.396165013,1.400312185
ZBH,0.193779707,-1.051651716,-0.70006752,-0.777431369,-0.646673203
